gender,study_stage,study_preparation,attendance,extracurricular_participation,family_income,previous_academic_performance,outcome,source_dataset
Male,Late,2-3 Hours,80%-100%,Yes,Lower middle,2.68,Higher,Rahman
Male,Early,2-3 Hours,80%-100%,Yes,High,2.68,Higher,Rahman
Female,Middle,2-3 Hours,80%-100%,No,Upper middle,2.68,Higher,Rahman
Male,Early,0-1 Hour,80%-100%,No,High,2.68,Higher,Rahman
Male,Early,2-3 Hours,80%-100%,No,Upper middle,2.68,Higher,Rahman
Male,Early,2-3 Hours,80%-100%,Yes,Upper middle,2.68,Higher,Rahman
Male,Early,2-3 Hours,80%-100%,No,Lower middle,2.68,Higher,Rahman
Female,Early,2-3 Hours,80%-100%,No,Upper middle,3.8,Higher,Rahman
Male,Early,2-3 Hours,80%-100%,No,Lower middle,2.68,Higher,Rahman
Female,Early,More than 3 Hours,80%-100%,No,Lower middle,2.68,Higher,Rahman
Male,Early,2-3 Hours,80%-100%,Yes,Upper middle,2.68,Higher,Rahman
Male,Early,2-3 Hours,80%-100%,No,Lower middle,3.4,Higher,Rahman
Female,Early,0-1 Hour,80%-100%,No,Upper middle,2.68,Higher,Rahman
Female,Early,2-3 Hours,80%-100%,No,Lower middle,2.68,Higher,Rahman
Female,Early,2-3 Hours,80%-100%,No,High,2.68,Higher,Rahman
Male,Early,2-3 Hours,80%-100%,Yes,Upper middle,3.93,Higher,Rahman
Male,Early,More than 3 Hours,80%-100%,Yes,Upper middle,2.68,Higher,Rahman
Female,Early,More than 3 Hours,80%-100%,No,Upper middle,2.68,Higher,Rahman
Male,Early,0-1 Hour,60%-79%,No,High,3.1,Higher,Rahman
Male,Early,2-3 Hours,60%-79%,No,Lower middle,2.68,Higher,Rahman
Female,Early,2-3 Hours,80%-100%,Yes,Upper middle,3.81,Higher,Rahman
Male,Early,2-3 Hours,80%-100%,No,Upper middle,2.68,Higher,Rahman
Male,Early,2-3 Hours,80%-100%,Yes,Lower middle,2.68,Higher,Rahman
Female,Early,More than 3 Hours,80%-100%,Yes,Lower middle,2.68,Higher,Rahman
Male,Early,0-1 Hour,80%-100%,Yes,Upper middle,3.89,Higher,Rahman
Female,Early,2-3 Hours,80%-100%,No,Upper middle,3.79,Higher,Rahman
Male,Early,More than 3 Hours,80%-100%,Yes,Low,2.68,Higher,Rahman
Male,Early,2-3 Hours,60%-79%,Yes,Upper middle,3.55,Higher,Rahman
Male,Early,2-3 Hours,80%-100%,Yes,Low,3.28,Higher,Rahman
Male,Early,2-3 Hours,80%-100%,Yes,Upper middle,2.68,Higher,Rahman
Male,Early,2-3 Hours,80%-100%,No,Upper middle,2.68,Higher,Rahman
Male,Early,More than 3 Hours,80%-100%,Yes,High,2.68,Higher,Rahman
Male,Early,More than 3 Hours,80%-100%,No,Upper middle,2.68,Higher,Rahman
Male,Early,More than 3 Hours,80%-100%,Yes,Upper middle,2.68,Higher,Rahman
Male,Early,0-1 Hour,80%-100%,Yes,Upper middle,2.68,Higher,Rahman
Female,Early,2-3 Hours,80%-100%,Yes,Upper middle,2.68,Higher,Rahman
Female,Early,2-3 Hours,80%-100%,No,Upper middle,2.68,Higher,Rahman
Male,Late,2-3 Hours,60%-79%,No,Lower middle,2.68,Higher,Rahman
Female,Early,More than 3 Hours,80%-100%,No,High,2.68,Higher,Rahman
Female,Early,More than 3 Hours,80%-100%,Yes,Upper middle,2.68,Higher,Rahman
Male,Early,More than 3 Hours,80%-100%,No,Lower middle,2.68,Higher,Rahman
Male,Early,2-3 Hours,80%-100%,Yes,Low,2.68,Higher,Rahman
Male,Early,2-3 Hours,80%-100%,No,Low,2.68,Higher,Rahman
Male,Early,More than 3 Hours,80%-100%,Yes,Upper middle,2.68,Higher,Rahman
Male,Early,More than 3 Hours,80%-100%,Yes,Upper middle,2.68,Higher,Rahman
Male,Early,More than 3 Hours,80%-100%,No,Lower middle,2.68,Higher,Rahman
Male,Early,More than 3 Hours,80%-100%,Yes,Lower middle,2.68,Higher,Rahman
Male,Early,0-1 Hour,80%-100%,Yes,Lower middle,2.68,Higher,Rahman
Female,Early,2-3 Hours,80%-100%,No,High,3.78,Higher,Rahman
Male,Early,More than 3 Hours,80%-100%,No,Upper middle,2.68,Higher,Rahman
Male,Early,2-3 Hours,80%-100%,No,Upper middle,2.68,Higher,Rahman
Male,Early,2-3 Hours,80%-100%,Yes,Lower middle,4.0,Higher,Rahman
Male,Early,More than 3 Hours,80%-100%,Yes,Upper middle,2.68,Higher,Rahman
Male,Early,2-3 Hours,80%-100%,No,High,3.9,Higher,Rahman
Male,Early,2-3 Hours,80%-100%,No,Upper middle,2.68,Higher,Rahman
Male,Early,0-1 Hour,80%-100%,Yes,Upper middle,2.68,Higher,Rahman
Male,Early,0-1 Hour,80%-100%,No,Upper middle,2.68,Higher,Rahman
Female,Early,0-1 Hour,80%-100%,Yes,Upper middle,2.68,Higher,Rahman
Male,Early,More than 3 Hours,80%-100%,No,Upper middle,2.68,Higher,Rahman
Female,Early,2-3 Hours,80%-100%,Yes,Upper middle,2.68,Higher,Rahman
Male,Early,0-1 Hour,60%-79%,No,Upper middle,2.68,Higher,Rahman
Male,Early,2-3 Hours,80%-100%,No,Upper middle,2.68,Higher,Rahman
Male,Late,0-1 Hour,80%-100%,Yes,Lower middle,2.68,Higher,Rahman
Male,Middle,2-3 Hours,80%-100%,No,Lower middle,3.84,Higher,Rahman
Male,Middle,2-3 Hours,80%-100%,Yes,High,2.68,Higher,Rahman
Male,Late,2-3 Hours,60%-79%,Yes,High,3.31,Higher,Rahman
Male,Middle,2-3 Hours,80%-100%,No,Upper middle,2.68,Higher,Rahman
Female,Early,2-3 Hours,80%-100%,No,Upper middle,2.68,Higher,Rahman
Male,Early,2-3 Hours,80%-100%,No,Upper middle,2.68,Higher,Rahman
Female,Middle,2-3 Hours,80%-100%,No,Upper middle,2.68,Higher,Rahman
Male,Early,More than 3 Hours,80%-100%,Yes,Upper middle,2.68,Higher,Rahman
Male,Middle,2-3 Hours,80%-100%,No,Upper middle,2.68,Higher,Rahman
Male,Early,More than 3 Hours,80%-100%,Yes,Upper middle,2.68,Higher,Rahman
Female,Middle,0-1 Hour,80%-100%,No,Upper middle,2.68,Higher,Rahman
Female,Late,2-3 Hours,80%-100%,Yes,Upper middle,2.68,Higher,Rahman
Male,Middle,2-3 Hours,80%-100%,Yes,Upper middle,2.68,Higher,Rahman
Male,Middle,More than 3 Hours,80%-100%,No,Lower middle,2.68,Higher,Rahman
Female,Early,More than 3 Hours,80%-100%,Yes,High,2.68,Higher,Rahman
Female,Early,More than 3 Hours,80%-100%,No,Upper middle,2.68,Higher,Rahman
Female,Middle,0-1 Hour,80%-100%,No,Upper middle,3.49,Higher,Rahman
Male,Middle,More than 3 Hours,80%-100%,No,Lower middle,3.07,Lower,Rahman
Male,Middle,2-3 Hours,80%-100%,No,Lower middle,2.68,Higher,Rahman
Female,Middle,2-3 Hours,80%-100%,No,High,3.76,Higher,Rahman
Male,Middle,2-3 Hours,80%-100%,No,Upper middle,2.7,Lower,Rahman
Male,Middle,2-3 Hours,80%-100%,No,Lower middle,2.68,Higher,Rahman
Male,Middle,0-1 Hour,80%-100%,Yes,Lower middle,2.68,Higher,Rahman
Male,Middle,2-3 Hours,80%-100%,Yes,Upper middle,2.68,Higher,Rahman
Male,Early,2-3 Hours,80%-100%,Yes,Upper middle,3.65,Higher,Rahman
Male,Middle,0-1 Hour,80%-100%,No,High,2.68,Higher,Rahman
Female,Middle,2-3 Hours,80%-100%,No,Upper middle,2.68,Higher,Rahman
Male,Middle,2-3 Hours,80%-100%,No,Lower middle,2.68,Higher,Rahman
Male,Early,More than 3 Hours,80%-100%,Yes,High,2.68,Higher,Rahman
Male,Late,More than 3 Hours,80%-100%,Yes,Upper middle,3.84,Higher,Rahman
Female,Early,2-3 Hours,80%-100%,No,High,2.68,Higher,Rahman
Female,Late,2-3 Hours,80%-100%,No,Upper middle,2.68,Higher,Rahman
Female,Early,2-3 Hours,80%-100%,Yes,Low,2.68,Higher,Rahman
Male,Early,2-3 Hours,80%-100%,No,Upper middle,2.68,Higher,Rahman
Male,Early,0-1 Hour,80%-100%,No,Lower middle,2.68,Higher,Rahman
Male,Middle,2-3 Hours,80%-100%,Yes,Lower middle,2.68,Higher,Rahman
Male,Late,2-3 Hours,80%-100%,No,Upper middle,2.68,Higher,Rahman
Female,Middle,More than 3 Hours,80%-100%,No,Upper middle,2.68,Higher,Rahman
Female,Early,2-3 Hours,80%-100%,No,Upper middle,2.68,Higher,Rahman
Female,Middle,2-3 Hours,80%-100%,No,Upper middle,2.68,Higher,Rahman
Male,Late,2-3 Hours,80%-100%,No,Upper middle,2.68,Higher,Rahman
Male,Early,2-3 Hours,80%-100%,No,Upper middle,2.68,Higher,Rahman
Male,Early,0-1 Hour,80%-100%,Yes,Upper middle,3.5,Higher,Rahman
Male,Early,More than 3 Hours,80%-100%,Yes,Upper middle,3.38,Higher,Rahman
Male,Middle,2-3 Hours,80%-100%,No,Upper middle,2.68,Higher,Rahman
Female,Late,More than 3 Hours,80%-100%,No,High,2.68,Higher,Rahman
Female,Early,2-3 Hours,80%-100%,Yes,Upper middle,2.68,Higher,Rahman
Female,Early,0-1 Hour,80%-100%,No,High,2.68,Higher,Rahman
Male,Early,2-3 Hours,80%-100%,No,Upper middle,2.68,Higher,Rahman
Female,Late,2-3 Hours,80%-100%,Yes,Lower middle,1.89,Lower,Rahman
Female,Early,More than 3 Hours,80%-100%,Yes,High,3.7,Higher,Rahman
Male,Early,More than 3 Hours,80%-100%,Yes,Upper middle,2.68,Higher,Rahman
Male,Early,More than 3 Hours,80%-100%,No,Lower middle,2.68,Higher,Rahman
Female,Late,2-3 Hours,80%-100%,No,Lower middle,2.68,Higher,Rahman
Male,Late,2-3 Hours,40%-59%,Yes,High,2.2,Lower,Rahman
Male,Late,0-1 Hour,80%-100%,No,High,2.6,Lower,Rahman
Female,Late,2-3 Hours,80%-100%,No,High,2.7,Lower,Rahman
Male,Late,2-3 Hours,80%-100%,Yes,Upper middle,2.87,Lower,Rahman
Male,Middle,More than 3 Hours,80%-100%,No,Lower middle,2.68,Higher,Rahman
Male,Late,2-3 Hours,60%-79%,Yes,High,2.68,Higher,Rahman
Male,Late,0-1 Hour,80%-100%,No,Upper middle,2.68,Higher,Rahman
Male,Late,2-3 Hours,80%-100%,No,Upper middle,2.68,Higher,Rahman
Male,Late,0-1 Hour,60%-79%,Yes,Lower middle,2.7,Lower,Rahman
Male,Late,2-3 Hours,60%-79%,No,High,2.68,Higher,Rahman
Male,Late,2-3 Hours,80%-100%,No,Upper middle,2.68,Higher,Rahman
Female,Late,2-3 Hours,60%-79%,No,Lower middle,2.98,Lower,Rahman
Female,Late,0-1 Hour,60%-79%,No,Upper middle,2.68,Higher,Rahman
Female,Early,More than 3 Hours,80%-100%,Yes,High,2.68,Higher,Rahman
Female,Late,More than 3 Hours,80%-100%,No,High,2.68,Higher,Rahman
Male,Late,2-3 Hours,80%-100%,No,Lower middle,3.52,Lower,Rahman
Male,Middle,More than 3 Hours,80%-100%,Yes,Lower middle,3.48,Higher,Rahman
Male,Late,2-3 Hours,80%-100%,Yes,High,2.68,Higher,Rahman
Female,Late,0-1 Hour,80%-100%,No,Upper middle,2.68,Higher,Rahman
Male,Middle,2-3 Hours,80%-100%,No,Upper middle,2.68,Higher,Rahman
Male,Late,More than 3 Hours,Below 40%,Yes,High,3.16,Lower,Rahman
Female,Middle,2-3 Hours,80%-100%,No,High,1.92,Lower,Rahman
Male,Early,2-3 Hours,80%-100%,No,Upper middle,2.68,Higher,Rahman
Male,Late,More than 3 Hours,40%-59%,No,Low,2.68,Higher,Rahman
Female,Late,More than 3 Hours,80%-100%,No,Lower middle,2.68,Higher,Rahman
Male,Early,2-3 Hours,80%-100%,No,Lower middle,2.68,Higher,Rahman
Male,Middle,0-1 Hour,60%-79%,No,Lower middle,2.68,Higher,Rahman
Male,Early,More than 3 Hours,80%-100%,Yes,Upper middle,2.68,Higher,Rahman
Male,Late,2-3 Hours,60%-79%,No,Upper middle,2.68,Higher,Rahman
Female,Middle,More than 3 Hours,80%-100%,No,High,2.68,Higher,Rahman
Female,Middle,2-3 Hours,80%-100%,No,High,2.68,Higher,Rahman
Female,Early,More than 3 Hours,80%-100%,No,High,2.68,Higher,Rahman
Male,Early,2-3 Hours,80%-100%,Yes,Upper middle,2.68,Higher,Rahman
Female,Late,2-3 Hours,80%-100%,Yes,Upper middle,2.68,Higher,Rahman
Male,Late,More than 3 Hours,80%-100%,No,Lower middle,3.29,Higher,Rahman
Female,Late,2-3 Hours,80%-100%,Yes,High,2.68,Higher,Rahman
Male,Late,2-3 Hours,80%-100%,No,High,2.68,Higher,Rahman
Male,Late,2-3 Hours,80%-100%,No,High,2.68,Higher,Rahman
Female,Middle,More than 3 Hours,80%-100%,Yes,Upper middle,2.68,Higher,Rahman
Female,Late,2-3 Hours,80%-100%,No,Low,2.0,Lower,Rahman
Male,Early,2-3 Hours,80%-100%,No,Upper middle,2.68,Higher,Rahman
Female,Late,More than 3 Hours,80%-100%,No,High,3.3,Higher,Rahman
Male,Late,2-3 Hours,80%-100%,No,Upper middle,2.68,Higher,Rahman
Male,Late,0-1 Hour,80%-100%,No,High,3.01,Lower,Rahman
Male,Late,More than 3 Hours,80%-100%,No,Lower middle,2.68,Higher,Rahman
Male,Late,2-3 Hours,80%-100%,No,Upper middle,3.2,Higher,Rahman
Female,Late,2-3 Hours,80%-100%,Yes,High,2.68,Higher,Rahman
Female,Early,More than 3 Hours,80%-100%,No,Upper middle,2.68,Higher,Rahman
Male,Late,0-1 Hour,80%-100%,No,Lower middle,2.68,Higher,Rahman
Male,Early,2-3 Hours,80%-100%,Yes,Upper middle,2.68,Higher,Rahman
Female,Middle,2-3 Hours,40%-59%,Yes,High,2.4,Lower,Rahman
Male,Middle,More than 3 Hours,80%-100%,Yes,Upper middle,2.68,Higher,Rahman
Male,Early,More than 3 Hours,80%-100%,Yes,Upper middle,2.16,Lower,Rahman
Male,Late,More than 3 Hours,80%-100%,No,Upper middle,2.68,Higher,Rahman
Male,Middle,More than 3 Hours,Below 40%,Yes,Low,2.68,Higher,Rahman
Female,Middle,2-3 Hours,80%-100%,No,Upper middle,1.75,Lower,Rahman
Female,Middle,More than 3 Hours,80%-100%,No,Low,2.68,Higher,Rahman
Male,Middle,2-3 Hours,80%-100%,No,Upper middle,2.68,Higher,Rahman
Female,Early,2-3 Hours,80%-100%,No,High,2.68,Higher,Rahman
Female,Middle,More than 3 Hours,80%-100%,Yes,Upper middle,2.68,Higher,Rahman
Female,Middle,2-3 Hours,80%-100%,No,Upper middle,2.68,Higher,Rahman
Male,Early,0-1 Hour,80%-100%,Yes,Upper middle,2.68,Higher,Rahman
Female,Middle,2-3 Hours,80%-100%,No,High,2.6,Lower,Rahman
Male,Early,More than 3 Hours,80%-100%,No,Upper middle,3.33,Higher,Rahman
Male,Early,2-3 Hours,80%-100%,Yes,Upper middle,4.0,Higher,Rahman
Male,Early,More than 3 Hours,80%-100%,Yes,Upper middle,3.25,Higher,Rahman
Male,Late,0-1 Hour,80%-100%,Yes,Upper middle,3.46,Higher,Rahman
Male,Early,0-1 Hour,80%-100%,No,Lower middle,3.73,Higher,Rahman
Male,Late,2-3 Hours,80%-100%,No,Lower middle,2.0,Lower,Rahman
Male,Late,2-3 Hours,80%-100%,Yes,Lower middle,3.78,Higher,Rahman
Male,Late,More than 3 Hours,80%-100%,Yes,Upper middle,3.42,Higher,Rahman
Female,Late,More than 3 Hours,80%-100%,No,Lower middle,3.5,Higher,Rahman
Male,Early,2-3 Hours,80%-100%,Yes,Lower middle,3.26,Higher,Rahman
Female,Early,2-3 Hours,60%-79%,No,Lower middle,3.9,Higher,Rahman
Female,Late,2-3 Hours,80%-100%,No,Upper middle,3.7,Higher,Rahman
Female,Late,2-3 Hours,80%-100%,No,Upper middle,3.82,Higher,Rahman
Female,Late,More than 3 Hours,80%-100%,Yes,High,3.85,Higher,Rahman
Male,Late,2-3 Hours,80%-100%,Yes,Lower middle,3.1,Lower,Rahman
Female,Early,2-3 Hours,80%-100%,No,Upper middle,2.67,Lower,Rahman
Female,Late,2-3 Hours,80%-100%,No,Upper middle,3.82,Higher,Rahman
Male,Early,More than 3 Hours,80%-100%,Yes,Upper middle,3.72,Higher,Rahman
Female,Late,2-3 Hours,80%-100%,No,Upper middle,3.51,Higher,Rahman
Male,Middle,More than 3 Hours,80%-100%,No,Upper middle,3.48,Higher,Rahman
Male,Late,2-3 Hours,80%-100%,No,Upper middle,2.65,Lower,Rahman
Male,Late,More than 3 Hours,80%-100%,Yes,High,3.72,Higher,Rahman
Male,Early,2-3 Hours,80%-100%,No,High,1.96,Lower,Rahman
Female,Late,2-3 Hours,80%-100%,Yes,Upper middle,3.38,Higher,Rahman
Male,Late,More than 3 Hours,80%-100%,Yes,Lower middle,2.8,Lower,Rahman
Female,Late,More than 3 Hours,80%-100%,No,Upper middle,3.36,Higher,Rahman
Male,Middle,2-3 Hours,80%-100%,No,High,3.33,Higher,Rahman
Male,Late,0-1 Hour,80%-100%,Yes,High,2.11,Lower,Rahman
Male,Early,0-1 Hour,40%-59%,No,Lower middle,2.83,Higher,Rahman
Male,Early,2-3 Hours,80%-100%,Yes,High,2.2,Lower,Rahman
Male,Late,More than 3 Hours,80%-100%,Yes,Upper middle,3.2,Higher,Rahman
Male,Late,More than 3 Hours,60%-79%,Yes,Low,2.81,Higher,Rahman
Male,Early,More than 3 Hours,80%-100%,Yes,Lower middle,3.48,Higher,Rahman
Male,Early,2-3 Hours,80%-100%,No,High,4.0,Higher,Rahman
Male,Late,More than 3 Hours,80%-100%,No,Upper middle,3.7,Higher,Rahman
Male,Early,More than 3 Hours,80%-100%,No,Upper middle,3.3,Higher,Rahman
Male,Late,More than 3 Hours,80%-100%,Yes,High,3.85,Higher,Rahman
Male,Late,2-3 Hours,80%-100%,No,Upper middle,4.0,Higher,Rahman
Female,Late,More than 3 Hours,80%-100%,Yes,Lower middle,2.98,Lower,Rahman
Female,Middle,More than 3 Hours,80%-100%,Yes,Upper middle,3.64,Higher,Rahman
Female,Early,More than 3 Hours,80%-100%,No,Low,3.56,Higher,Rahman
Male,Late,0-1 Hour,60%-79%,No,Upper middle,1.68,Higher,Rahman
Male,Early,2-3 Hours,80%-100%,No,Upper middle,2.54,Lower,Rahman
Male,Early,More than 3 Hours,80%-100%,No,Upper middle,3.9,Higher,Rahman
Female,Late,More than 3 Hours,80%-100%,No,High,3.84,Higher,Rahman
Male,Late,0-1 Hour,60%-79%,Yes,Lower middle,3.68,Higher,Rahman
Female,Late,2-3 Hours,80%-100%,No,Upper middle,3.14,Higher,Rahman
Male,Late,More than 3 Hours,80%-100%,No,Upper middle,3.69,Higher,Rahman
Male,Late,2-3 Hours,80%-100%,No,Lower middle,2.73,Higher,Rahman
Male,Late,2-3 Hours,80%-100%,No,High,3.48,Higher,Rahman
Male,Early,More than 3 Hours,60%-79%,Yes,Upper middle,2.61,Lower,Rahman
Male,Late,0-1 Hour,80%-100%,Yes,Upper middle,2.8,Lower,Rahman
Male,Middle,0-1 Hour,80%-100%,No,Upper middle,1.52,Lower,Rahman
Male,Middle,2-3 Hours,80%-100%,Yes,Upper middle,3.12,Higher,Rahman
Male,Late,More than 3 Hours,80%-100%,No,Lower middle,3.68,Higher,Rahman
Male,Late,More than 3 Hours,80%-100%,No,Lower middle,2.25,Lower,Rahman
Male,Late,0-1 Hour,80%-100%,No,High,3.5,Higher,Rahman
Male,Middle,2-3 Hours,80%-100%,No,Lower middle,3.36,Higher,Rahman
Male,Early,0-1 Hour,80%-100%,No,Upper middle,3.83,Higher,Rahman
Male,Late,More than 3 Hours,80%-100%,No,Lower middle,1.98,Lower,Rahman
Female,Early,2-3 Hours,80%-100%,No,High,3.37,Higher,Rahman
Male,Early,2-3 Hours,80%-100%,Yes,High,3.15,Higher,Rahman
Female,Late,2-3 Hours,80%-100%,No,Upper middle,2.79,Lower,Rahman
Male,Early,More than 3 Hours,80%-100%,Yes,High,3.52,Higher,Rahman
Male,Early,0-1 Hour,80%-100%,No,Upper middle,3.85,Higher,Rahman
Female,Late,More than 3 Hours,60%-79%,Yes,High,3.01,Lower,Rahman
Female,Early,2-3 Hours,80%-100%,No,High,3.18,Higher,Rahman
Male,Early,More than 3 Hours,80%-100%,Yes,High,3.72,Higher,Rahman
Female,Middle,2-3 Hours,60%-79%,No,High,2.8,Lower,Rahman
Male,Early,2-3 Hours,80%-100%,No,Upper middle,3.42,Higher,Rahman
Male,Early,2-3 Hours,80%-100%,No,Upper middle,2.49,Higher,Rahman
Female,Early,2-3 Hours,80%-100%,No,High,2.68,Higher,Rahman
Female,Middle,2-3 Hours,80%-100%,No,Lower middle,3.86,Higher,Rahman
Male,Middle,More than 3 Hours,80%-100%,Yes,Upper middle,3.82,Higher,Rahman
Male,Early,2-3 Hours,60%-79%,No,Upper middle,3.58,Higher,Rahman
Male,Middle,More than 3 Hours,80%-100%,No,Upper middle,2.57,Lower,Rahman
Male,Early,More than 3 Hours,80%-100%,Yes,Upper middle,3.86,Higher,Rahman
Male,Early,2-3 Hours,80%-100%,Yes,Upper middle,4.0,Higher,Rahman
Male,Middle,0-1 Hour,80%-100%,Yes,Upper middle,3.1,Higher,Rahman
Male,Early,0-1 Hour,80%-100%,No,Upper middle,3.68,Higher,Rahman
Female,Early,More than 3 Hours,Below 40%,No,Upper middle,3.4,Higher,Rahman
Male,Early,2-3 Hours,60%-79%,No,Upper middle,2.45,Lower,Rahman
Female,Late,2-3 Hours,80%-100%,No,High,2.4,Lower,Rahman
Female,Early,More than 3 Hours,80%-100%,Yes,Upper middle,3.47,Higher,Rahman
Male,Late,2-3 Hours,80%-100%,No,Upper middle,2.53,Higher,Rahman
Female,Early,0-1 Hour,40%-59%,Yes,Upper middle,2.56,Lower,Rahman
Male,Middle,2-3 Hours,80%-100%,Yes,Upper middle,2.36,Lower,Rahman
Male,Early,More than 3 Hours,80%-100%,No,Lower middle,2.68,Higher,Rahman
Female,Early,2-3 Hours,80%-100%,No,Upper middle,3.19,Lower,Rahman
Male,Early,2-3 Hours,80%-100%,No,Upper middle,2.11,Lower,Rahman
Female,Late,More than 3 Hours,80%-100%,No,High,3.1,Higher,Rahman
Male,Early,More than 3 Hours,80%-100%,Yes,High,3.28,Higher,Rahman
Female,Early,0-1 Hour,80%-100%,No,Upper middle,3.15,Higher,Rahman
Male,Early,More than 3 Hours,80%-100%,Yes,Low,3.6,Higher,Rahman
Female,Early,2-3 Hours,80%-100%,No,Upper middle,3.75,Higher,Rahman
Male,Early,0-1 Hour,80%-100%,Yes,Upper middle,3.85,Higher,Rahman
Female,Early,2-3 Hours,80%-100%,No,High,2.68,Lower,Rahman
Female,Early,2-3 Hours,80%-100%,No,High,3.18,Higher,Rahman
Female,Late,2-3 Hours,80%-100%,No,Low,3.39,Higher,Rahman
Female,Early,More than 3 Hours,80%-100%,No,High,2.98,Higher,Rahman
Female,Early,More than 3 Hours,80%-100%,No,Upper middle,3.7,Higher,Rahman
Female,Late,0-1 Hour,80%-100%,No,Upper middle,3.25,Lower,Rahman
Male,Early,2-3 Hours,80%-100%,No,Upper middle,3.03,Higher,Rahman
Female,Middle,2-3 Hours,80%-100%,No,Upper middle,3.1,Higher,Rahman
Female,Early,2-3 Hours,80%-100%,No,High,3.7,Higher,Rahman
Male,Early,More than 3 Hours,60%-79%,Yes,Upper middle,4.0,Higher,Rahman
Male,Early,0-1 Hour,80%-100%,Yes,High,3.18,Higher,Rahman
Female,Early,2-3 Hours,80%-100%,No,Upper middle,3.61,Higher,Rahman
Male,Early,2-3 Hours,60%-79%,No,High,3.01,Higher,Rahman
Female,Early,2-3 Hours,80%-100%,No,Upper middle,3.26,Higher,Rahman
Male,Late,0-1 Hour,80%-100%,Yes,High,3.6,Higher,Rahman
Male,Early,2-3 Hours,80%-100%,No,Upper middle,3.12,Higher,Rahman
Female,Early,More than 3 Hours,80%-100%,Yes,Upper middle,3.93,Higher,Rahman
Male,Early,More than 3 Hours,80%-100%,Yes,High,3.0,Higher,Rahman
Male,Late,0-1 Hour,60%-79%,Yes,Lower middle,1.61,Lower,Rahman
Male,Middle,0-1 Hour,80%-100%,No,Upper middle,2.79,Higher,Rahman
Female,Early,2-3 Hours,80%-100%,No,Upper middle,3.83,Higher,Rahman
Male,Late,2-3 Hours,80%-100%,No,High,3.58,Higher,Rahman
Female,Early,2-3 Hours,80%-100%,No,High,3.39,Higher,Rahman
Male,Early,2-3 Hours,80%-100%,No,Lower middle,3.38,Higher,Rahman
Female,Early,2-3 Hours,80%-100%,No,Upper middle,3.03,Higher,Rahman
Male,Early,0-1 Hour,80%-100%,Yes,Upper middle,3.65,Higher,Rahman
Female,Late,2-3 Hours,80%-100%,No,Upper middle,3.18,Lower,Rahman
Male,Early,2-3 Hours,80%-100%,Yes,Upper middle,3.78,Higher,Rahman
Male,Middle,0-1 Hour,60%-79%,Yes,Upper middle,2.56,Higher,Rahman
Male,Early,2-3 Hours,80%-100%,No,Upper middle,2.94,Higher,Rahman
Female,Early,2-3 Hours,60%-79%,No,High,2.36,Lower,Rahman
Male,Early,2-3 Hours,80%-100%,No,Upper middle,3.8,Higher,Rahman
Male,Early,0-1 Hour,80%-100%,No,Upper middle,1.53,Lower,Rahman
Female,Middle,2-3 Hours,80%-100%,No,Upper middle,3.0,Lower,Rahman
Female,Early,2-3 Hours,80%-100%,Yes,Upper middle,2.32,Lower,Rahman
Female,Early,2-3 Hours,40%-59%,Yes,High,3.37,Higher,Rahman
Female,Early,2-3 Hours,80%-100%,Yes,Upper middle,2.89,Higher,Rahman
Female,Early,2-3 Hours,80%-100%,No,Upper middle,3.17,Higher,Rahman
Female,Early,2-3 Hours,80%-100%,No,Upper middle,2.26,Lower,Rahman
Female,Early,More than 3 Hours,80%-100%,No,Upper middle,3.65,Higher,Rahman
Female,Early,2-3 Hours,80%-100%,No,Upper middle,3.03,Higher,Rahman
Male,Middle,2-3 Hours,80%-100%,No,Lower middle,3.93,Higher,Rahman
Female,Late,More than 3 Hours,80%-100%,Yes,High,3.0,Higher,Rahman
Male,Early,More than 3 Hours,80%-100%,Yes,Upper middle,3.45,Higher,Rahman
Female,Early,2-3 Hours,80%-100%,No,High,2.94,Higher,Rahman
Male,Early,More than 3 Hours,80%-100%,Yes,Upper middle,3.93,Higher,Rahman
Male,Early,0-1 Hour,80%-100%,Yes,Upper middle,3.86,Higher,Rahman
Male,Early,More than 3 Hours,80%-100%,No,Upper middle,2.93,Lower,Rahman
Male,Early,More than 3 Hours,80%-100%,No,Low,3.06,Higher,Rahman
Female,Middle,0-1 Hour,80%-100%,No,Upper middle,3.92,Higher,Rahman
Male,Early,2-3 Hours,80%-100%,Yes,Upper middle,3.17,Higher,Rahman
Female,Early,0-1 Hour,80%-100%,No,Upper middle,3.63,Higher,Rahman
Male,Early,More than 3 Hours,80%-100%,No,Lower middle,3.98,Higher,Rahman
Female,Early,More than 3 Hours,80%-100%,Yes,Upper middle,3.39,Lower,Rahman
Female,Early,2-3 Hours,80%-100%,No,Upper middle,3.68,Higher,Rahman
Male,Early,More than 3 Hours,80%-100%,Yes,Lower middle,3.83,Higher,Rahman
Male,Middle,2-3 Hours,80%-100%,No,Upper middle,3.64,Higher,Rahman
Male,Early,2-3 Hours,80%-100%,No,Lower middle,2.96,Higher,Rahman
Male,Middle,2-3 Hours,80%-100%,Yes,Lower middle,2.25,Higher,Rahman
Male,Early,More than 3 Hours,80%-100%,Yes,Lower middle,3.8,Higher,Rahman
Female,Early,0-1 Hour,80%-100%,No,Upper middle,3.49,Higher,Rahman
Male,Early,2-3 Hours,60%-79%,No,Upper middle,2.11,Higher,Rahman
Male,Early,2-3 Hours,80%-100%,No,Lower middle,3.42,Higher,Rahman
Female,Middle,More than 3 Hours,80%-100%,Yes,Low,3.96,Higher,Rahman
Male,Late,More than 3 Hours,80%-100%,No,Lower middle,2.86,Higher,Rahman
Male,Early,More than 3 Hours,60%-79%,No,Low,0.5,Lower,Rahman
Female,Early,More than 3 Hours,80%-100%,No,Lower middle,3.5,Higher,Rahman
Male,Early,0-1 Hour,80%-100%,No,Upper middle,2.52,Lower,Rahman
Male,Early,More than 3 Hours,80%-100%,No,High,3.72,Higher,Rahman
Female,Late,More than 3 Hours,80%-100%,Yes,High,2.8,Higher,Rahman
Female,Middle,2-3 Hours,80%-100%,No,Upper middle,3.98,Higher,Rahman
Male,Early,More than 3 Hours,80%-100%,No,Upper middle,3.68,Higher,Rahman
Male,Early,0-1 Hour,80%-100%,No,Upper middle,3.03,Lower,Rahman
Female,Late,2-3 Hours,80%-100%,No,Upper middle,3.34,Higher,Rahman
Female,Early,More than 3 Hours,80%-100%,Yes,Upper middle,3.39,Higher,Rahman
Female,Late,2-3 Hours,80%-100%,No,Lower middle,3.78,Higher,Rahman
Male,Middle,2-3 Hours,80%-100%,No,High,1.05,Lower,Rahman
Female,Early,2-3 Hours,80%-100%,No,Lower middle,2.06,Lower,Rahman
Female,Early,2-3 Hours,80%-100%,No,Upper middle,3.67,Higher,Rahman
Female,Early,More than 3 Hours,80%-100%,Yes,Upper middle,3.78,Higher,Rahman
Female,Middle,0-1 Hour,60%-79%,Yes,High,1.63,Lower,Rahman
Male,Early,2-3 Hours,60%-79%,Yes,Upper middle,3.17,Higher,Rahman
Female,Early,2-3 Hours,80%-100%,No,High,3.82,Higher,Rahman
Male,Early,2-3 Hours,80%-100%,No,Upper middle,2.55,Lower,Rahman
Male,Early,2-3 Hours,80%-100%,No,Upper middle,3.79,Higher,Rahman
Male,Early,2-3 Hours,80%-100%,Yes,Lower middle,4.0,Higher,Rahman
Female,Late,2-3 Hours,80%-100%,No,Upper middle,3.76,Higher,Rahman
Male,Middle,More than 3 Hours,80%-100%,Yes,Lower middle,3.74,Higher,Rahman
Male,Early,2-3 Hours,80%-100%,Yes,Lower middle,3.15,Higher,Rahman
Female,Early,2-3 Hours,80%-100%,No,Upper middle,3.38,Higher,Rahman
Male,Middle,More than 3 Hours,80%-100%,No,High,3.98,Higher,Rahman
Male,Early,2-3 Hours,80%-100%,Yes,Lower middle,2.1,Lower,Rahman
Female,Middle,2-3 Hours,80%-100%,Yes,High,2.72,Lower,Rahman
Female,Early,2-3 Hours,80%-100%,No,Upper middle,3.3,Higher,Rahman
Male,Early,More than 3 Hours,80%-100%,No,Upper middle,4.0,Higher,Rahman
Male,Early,2-3 Hours,80%-100%,No,Lower middle,3.1,Higher,Rahman
Female,Early,0-1 Hour,80%-100%,No,Upper middle,2.56,Lower,Rahman
Female,Early,2-3 Hours,80%-100%,Yes,Upper middle,3.21,Higher,Rahman
Male,Late,More than 3 Hours,60%-79%,Yes,Lower middle,3.38,Higher,Rahman
Female,Early,2-3 Hours,80%-100%,No,Upper middle,3.15,Higher,Rahman
Male,Early,0-1 Hour,80%-100%,Yes,Upper middle,3.9,Higher,Rahman
Male,Early,2-3 Hours,80%-100%,No,Upper middle,3.95,Higher,Rahman
Female,Early,2-3 Hours,80%-100%,No,High,3.03,Higher,Rahman
Female,Late,More than 3 Hours,60%-79%,Yes,Lower middle,2.59,Lower,Rahman
Female,Early,More than 3 Hours,80%-100%,No,Lower middle,3.45,Higher,Rahman
Male,Early,0-1 Hour,80%-100%,Yes,Upper middle,3.6,Higher,Rahman
Female,Early,More than 3 Hours,80%-100%,Yes,Upper middle,3.53,Higher,Rahman
Female,Middle,2-3 Hours,80%-100%,Yes,Upper middle,3.86,Higher,Rahman
Female,Early,2-3 Hours,80%-100%,Yes,Lower middle,3.48,Lower,Rahman
Male,Middle,2-3 Hours,80%-100%,No,High,3.7,Higher,Rahman
Female,Early,2-3 Hours,80%-100%,No,Upper middle,3.84,Higher,Rahman
Female,Middle,More than 3 Hours,80%-100%,No,High,3.4,Higher,Rahman
Male,Early,More than 3 Hours,80%-100%,No,Lower middle,3.43,Higher,Rahman
Female,Early,More than 3 Hours,80%-100%,Yes,Upper middle,3.7,Higher,Rahman
Male,Middle,More than 3 Hours,80%-100%,No,Lower middle,3.02,Higher,Rahman
Male,Early,2-3 Hours,80%-100%,No,Lower middle,3.48,Lower,Rahman
Male,Early,2-3 Hours,80%-100%,Yes,Upper middle,3.53,Higher,Rahman
Female,Middle,More than 3 Hours,80%-100%,No,Upper middle,3.06,Higher,Rahman
Male,Early,2-3 Hours,80%-100%,No,Lower middle,3.9,Higher,Rahman
Female,Late,2-3 Hours,80%-100%,Yes,Upper middle,3.19,Higher,Rahman
Female,Early,More than 3 Hours,80%-100%,Yes,Upper middle,0.13125,Lower,Rahman
Female,Early,More than 3 Hours,80%-100%,No,Lower middle,3.05,Higher,Rahman
Female,Early,2-3 Hours,80%-100%,Yes,High,4.0,Higher,Rahman
Female,Early,More than 3 Hours,80%-100%,Yes,High,3.75,Higher,Rahman
Male,Early,2-3 Hours,80%-100%,No,Lower middle,3.33,Higher,Rahman
Male,Early,More than 3 Hours,80%-100%,Yes,Upper middle,2.81,Lower,Rahman
Male,Early,2-3 Hours,80%-100%,Yes,Upper middle,2.18,Lower,Rahman
Male,Middle,0-1 Hour,60%-79%,No,Lower middle,3.7,Higher,Rahman
Female,Late,2-3 Hours,80%-100%,No,High,3.62,Higher,Rahman
Male,Early,2-3 Hours,80%-100%,No,Upper middle,3.18,Higher,Rahman
Female,Early,2-3 Hours,80%-100%,Yes,High,3.55,Higher,Rahman
Male,Early,More than 3 Hours,80%-100%,Yes,Lower middle,3.58,Higher,Rahman
Male,Early,2-3 Hours,80%-100%,No,Low,3.88,Higher,Rahman
Male,Early,2-3 Hours,80%-100%,No,Upper middle,3.0,Higher,Rahman
Male,Early,More than 3 Hours,80%-100%,Yes,Upper middle,4.0,Higher,Rahman
Male,Early,2-3 Hours,80%-100%,Yes,Upper middle,3.97,Higher,Rahman
Male,Early,2-3 Hours,60%-79%,Yes,High,3.79,Higher,Rahman
Male,Late,More than 3 Hours,80%-100%,No,Upper middle,2.96,Lower,Rahman
Male,Middle,More than 3 Hours,80%-100%,Yes,Upper middle,3.77,Higher,Rahman
Male,Late,0-1 Hour,80%-100%,No,Upper middle,3.44,Higher,Rahman
Female,Early,2-3 Hours,80%-100%,No,Lower middle,3.56,Higher,Rahman
Male,Early,2-3 Hours,80%-100%,No,Upper middle,3.56,Higher,Rahman
Female,Early,More than 3 Hours,80%-100%,Yes,Upper middle,2.48,Lower,Rahman
Male,Early,0-1 Hour,80%-100%,No,Upper middle,3.25,Higher,Rahman
Male,Early,2-3 Hours,80%-100%,Yes,Upper middle,3.7,Higher,Rahman
Female,Early,0-1 Hour,80%-100%,No,High,3.38,Higher,Rahman
Male,Early,0-1 Hour,80%-100%,Yes,Upper middle,3.78,Higher,Rahman
Female,Late,More than 3 Hours,80%-100%,No,Lower middle,3.4,Higher,Rahman
Male,Late,2-3 Hours,80%-100%,Yes,High,2.58,Lower,Rahman
Male,Middle,0-1 Hour,80%-100%,No,Lower middle,3.96,Higher,Rahman
Female,Early,2-3 Hours,80%-100%,No,Upper middle,3.58,Higher,Rahman
Male,Early,2-3 Hours,80%-100%,Yes,Upper middle,3.79,Higher,Rahman
Male,Middle,0-1 Hour,80%-100%,Yes,Lower middle,2.17,Higher,Rahman
Male,Early,2-3 Hours,80%-100%,No,High,1.12,Lower,Rahman
Female,Early,More than 3 Hours,80%-100%,No,Upper middle,3.72,Higher,Rahman
Male,Early,More than 3 Hours,80%-100%,Yes,Upper middle,3.55,Higher,Rahman
Female,Middle,More than 3 Hours,80%-100%,No,Lower middle,2.83,Lower,Rahman
Female,Early,2-3 Hours,80%-100%,No,Upper middle,3.88,Higher,Rahman
Male,Early,0-1 Hour,80%-100%,Yes,Lower middle,4.0,Higher,Rahman
Female,Middle,2-3 Hours,80%-100%,Yes,High,3.0,Higher,Rahman
Male,Late,More than 3 Hours,80%-100%,Yes,Lower middle,2.44,Lower,Rahman
Male,Early,More than 3 Hours,80%-100%,No,Lower middle,2.82,Higher,Rahman
Female,Early,2-3 Hours,80%-100%,No,Upper middle,3.9,Higher,Rahman
Male,Early,More than 3 Hours,80%-100%,Yes,High,3.33,Higher,Rahman
Female,Early,2-3 Hours,80%-100%,Yes,Upper middle,3.7,Higher,Rahman
Male,Early,More than 3 Hours,80%-100%,Yes,Lower middle,3.98,Higher,Rahman
Female,Early,2-3 Hours,80%-100%,No,High,3.4,Higher,Rahman
Male,Early,0-1 Hour,60%-79%,Yes,High,3.81,Higher,Rahman
Female,Early,0-1 Hour,80%-100%,Yes,Lower middle,3.97,Higher,Rahman
Male,Early,More than 3 Hours,80%-100%,Yes,Upper middle,3.33,Higher,Rahman
Female,Early,2-3 Hours,60%-79%,No,Lower middle,2.68,Lower,Rahman
Female,Early,2-3 Hours,80%-100%,No,Upper middle,3.84,Higher,Rahman
Female,Early,2-3 Hours,60%-79%,Yes,Lower middle,3.54,Higher,Rahman
Male,Early,2-3 Hours,80%-100%,No,Lower middle,1.78,Higher,Rahman
Male,Early,2-3 Hours,80%-100%,Yes,Upper middle,2.32,Lower,Rahman
Male,Early,2-3 Hours,80%-100%,No,Upper middle,4.0,Higher,Rahman
Male,Early,More than 3 Hours,80%-100%,No,Lower middle,3.8,Higher,Rahman
Male,Middle,0-1 Hour,80%-100%,No,Upper middle,2.08,Lower,Rahman
Male,Early,2-3 Hours,80%-100%,Yes,Lower middle,3.05,Higher,Rahman
Male,Early,2-3 Hours,80%-100%,Yes,Upper middle,3.45,Higher,Rahman
Male,Early,More than 3 Hours,80%-100%,No,Lower middle,2.73,Lower,Rahman
Male,Late,0-1 Hour,80%-100%,Yes,Upper middle,3.2,Higher,Rahman
Female,Middle,More than 3 Hours,80%-100%,Yes,High,3.96,Higher,Rahman
Male,Middle,0-1 Hour,60%-79%,No,Upper middle,3.56,Higher,Rahman
Female,Early,2-3 Hours,80%-100%,Yes,High,3.89,Higher,Rahman
Female,Early,More than 3 Hours,40%-59%,No,High,3.89,Higher,Rahman
Male,Early,2-3 Hours,Below 40%,No,Lower middle,3.68,Higher,Rahman
Male,Early,More than 3 Hours,80%-100%,Yes,Upper middle,2.93,Lower,Rahman
Male,Early,More than 3 Hours,80%-100%,No,Upper middle,3.81,Higher,Rahman
Female,Early,2-3 Hours,80%-100%,No,Lower middle,3.37,Higher,Rahman
Male,Early,2-3 Hours,80%-100%,No,High,3.25,Higher,Rahman
Male,Early,2-3 Hours,80%-100%,No,Upper middle,2.89,Lower,Rahman
Male,Early,2-3 Hours,80%-100%,Yes,Upper middle,1.45,Lower,Rahman
Male,Early,2-3 Hours,80%-100%,No,Upper middle,3.73,Higher,Rahman
Male,Early,2-3 Hours,80%-100%,No,Lower middle,3.18,Higher,Rahman
Female,Late,More than 3 Hours,80%-100%,Yes,Upper middle,3.5,Higher,Rahman
Male,Early,0-1 Hour,80%-100%,No,High,2.9,Lower,Rahman
Male,Early,More than 3 Hours,80%-100%,No,Lower middle,3.48,Higher,Rahman
Male,Early,2-3 Hours,80%-100%,No,Lower middle,3.6,Higher,Rahman
Male,Early,2-3 Hours,80%-100%,No,Upper middle,3.13,Higher,Rahman
Male,Early,2-3 Hours,80%-100%,No,Upper middle,1.42,Lower,Rahman
Male,Early,2-3 Hours,80%-100%,No,Upper middle,3.13,Higher,Rahman
Male,Early,2-3 Hours,80%-100%,No,Upper middle,3.85,Higher,Rahman
Male,Early,More than 3 Hours,80%-100%,Yes,Upper middle,3.6,Higher,Rahman
Female,Early,2-3 Hours,80%-100%,Yes,Low,3.54,Higher,Rahman
Male,Early,0-1 Hour,80%-100%,No,High,3.54,Higher,Rahman
Male,Early,2-3 Hours,80%-100%,No,Low,2.1,Lower,Rahman
Male,Early,2-3 Hours,80%-100%,Yes,Lower middle,2.5,Lower,Rahman
Male,Late,More than 3 Hours,80%-100%,Yes,Upper middle,3.31,Higher,Rahman
Male,Early,0-1 Hour,80%-100%,No,Upper middle,3.75,Higher,Rahman
Male,Early,More than 3 Hours,80%-100%,No,Lower middle,3.7,Higher,Rahman
Male,Early,2-3 Hours,80%-100%,No,Upper middle,3.5,Higher,Rahman
Female,Early,2-3 Hours,80%-100%,No,High,3.7,Higher,Rahman
Male,Early,2-3 Hours,60%-79%,No,Upper middle,3.24,Higher,Rahman
Female,Late,2-3 Hours,80%-100%,No,High,2.3,Lower,Rahman
Female,Late,2-3 Hours,60%-79%,No,High,3.87,Higher,Rahman
Male,Early,2-3 Hours,Below 40%,Yes,Lower middle,3.24,Higher,Rahman
Male,Early,2-3 Hours,80%-100%,No,High,3.65,Higher,Rahman
Male,Early,More than 3 Hours,80%-100%,Yes,Lower middle,3.52,Higher,Rahman
Male,Early,2-3 Hours,80%-100%,No,Lower middle,2.73,Lower,Rahman
Male,Early,2-3 Hours,80%-100%,No,Low,3.79,Higher,Rahman
Female,Late,2-3 Hours,60%-79%,No,Upper middle,3.96,Higher,Rahman
Female,Early,More than 3 Hours,80%-100%,No,High,3.15,Higher,Rahman
Female,Early,More than 3 Hours,80%-100%,Yes,Lower middle,3.4,Higher,Rahman
Female,Late,2-3 Hours,80%-100%,No,Lower middle,3.49,Higher,Rahman
Male,Early,More than 3 Hours,80%-100%,Yes,Upper middle,3.85,Higher,Rahman
Male,Middle,More than 3 Hours,80%-100%,Yes,Upper middle,2.02,Lower,Rahman
Female,Early,More than 3 Hours,40%-59%,No,High,3.89,Higher,Rahman
Male,Early,2-3 Hours,80%-100%,No,High,3.93,Higher,Rahman
Female,Early,More than 3 Hours,80%-100%,No,Lower middle,3.9,Higher,Rahman
Male,Early,2-3 Hours,80%-100%,No,Upper middle,3.47,Higher,Rahman
Female,Early,2-3 Hours,80%-100%,Yes,Upper middle,3.7,Higher,Rahman
Male,Early,More than 3 Hours,80%-100%,Yes,Lower middle,3.45,Higher,Rahman
Male,Early,2-3 Hours,80%-100%,No,High,3.73,Higher,Rahman
Male,Early,More than 3 Hours,80%-100%,Yes,Upper middle,3.73,Higher,Rahman
Female,Early,2-3 Hours,80%-100%,No,Lower middle,3.65,Higher,Rahman
Female,Early,More than 3 Hours,80%-100%,No,Upper middle,3.45,Higher,Rahman
Male,Early,More than 3 Hours,80%-100%,No,Upper middle,2.58,Lower,Rahman
Female,Early,More than 3 Hours,80%-100%,No,Lower middle,1.87,Higher,Rahman
Male,Middle,0-1 Hour,80%-100%,No,Upper middle,2.68,Higher,Rahman
Female,Middle,More than 3 Hours,80%-100%,Yes,Lower middle,3.96,Higher,Rahman
Male,Middle,More than 3 Hours,80%-100%,No,High,3.68,Higher,Rahman
Male,Late,More than 3 Hours,40%-59%,Yes,Upper middle,3.35,Lower,Rahman
Male,Late,More than 3 Hours,80%-100%,Yes,Upper middle,2.04,Lower,Rahman
Male,Middle,0-1 Hour,80%-100%,No,Upper middle,3.74,Higher,Rahman
Female,Middle,More than 3 Hours,80%-100%,No,High,3.75,Higher,Rahman
Female,Middle,2-3 Hours,80%-100%,No,Upper middle,3.3,Higher,Rahman
Male,Middle,More than 3 Hours,80%-100%,Yes,Lower middle,3.72,Higher,Rahman
Male,Middle,More than 3 Hours,80%-100%,Yes,Upper middle,3.21,Higher,Rahman
Female,Middle,0-1 Hour,80%-100%,Yes,High,3.64,Higher,Rahman
Female,Middle,2-3 Hours,80%-100%,No,Upper middle,2.86,Higher,Rahman
Male,Middle,More than 3 Hours,80%-100%,No,Upper middle,3.78,Higher,Rahman
Male,Late,More than 3 Hours,80%-100%,Yes,Upper middle,2.66,Lower,Rahman
Female,Middle,2-3 Hours,80%-100%,Yes,High,3.04,Lower,Rahman
Male,Middle,0-1 Hour,80%-100%,No,Upper middle,1.76,Lower,Rahman
Male,Middle,2-3 Hours,80%-100%,No,Low,3.15,Higher,Rahman
Male,Middle,2-3 Hours,80%-100%,No,Upper middle,4.0,Higher,Rahman
Female,Early,2-3 Hours,80%-100%,No,Upper middle,3.58,Higher,Rahman
Male,Early,More than 3 Hours,80%-100%,Yes,Upper middle,3.4,Higher,Rahman
Male,Middle,2-3 Hours,60%-79%,No,Upper middle,2.44,Lower,Rahman
Male,Middle,More than 3 Hours,80%-100%,Yes,Upper middle,3.94,Higher,Rahman
Male,Late,2-3 Hours,80%-100%,Yes,Upper middle,3.0,Lower,Rahman
Female,Middle,0-1 Hour,80%-100%,No,Upper middle,3.32,Higher,Rahman
Male,Early,2-3 Hours,80%-100%,No,Upper middle,2.8,Lower,Rahman
Female,Middle,2-3 Hours,80%-100%,Yes,Upper middle,3.39,Higher,Rahman
Male,Early,0-1 Hour,80%-100%,Yes,Upper middle,4.0,Higher,Rahman
Female,Late,0-1 Hour,80%-100%,No,Upper middle,3.2,Higher,Rahman
Female,Middle,2-3 Hours,80%-100%,Yes,Lower middle,3.31,Lower,Rahman
Male,Late,More than 3 Hours,80%-100%,Yes,Lower middle,2.96,Higher,Rahman
Male,Early,2-3 Hours,80%-100%,No,Upper middle,3.68,Higher,Rahman
Female,Early,More than 3 Hours,80%-100%,Yes,Low,3.78,Higher,Rahman
Male,Middle,More than 3 Hours,80%-100%,Yes,Lower middle,3.87,Higher,Rahman
Male,Early,More than 3 Hours,80%-100%,No,Upper middle,2.68,Lower,Rahman
Male,Early,2-3 Hours,80%-100%,No,Lower middle,3.9,Higher,Rahman
Male,Late,2-3 Hours,80%-100%,No,High,2.65,Lower,Rahman
Male,Middle,2-3 Hours,80%-100%,No,High,3.29,Higher,Rahman
Female,Middle,2-3 Hours,80%-100%,Yes,Upper middle,3.14,Higher,Rahman
Male,Late,More than 3 Hours,80%-100%,No,Upper middle,3.15,Higher,Rahman
Female,Middle,2-3 Hours,80%-100%,No,High,3.46,Higher,Rahman
Female,Middle,0-1 Hour,80%-100%,No,Upper middle,3.32,Higher,Rahman
Female,Middle,2-3 Hours,80%-100%,No,Lower middle,3.21,Higher,Rahman
Male,Early,More than 3 Hours,80%-100%,No,Lower middle,3.93,Higher,Rahman
Male,Late,More than 3 Hours,80%-100%,No,Upper middle,3.94,Higher,Rahman
Female,Early,More than 3 Hours,80%-100%,Yes,High,2.87,Lower,Rahman
Male,Middle,2-3 Hours,80%-100%,No,Upper middle,3.31,Higher,Rahman
Female,Early,More than 3 Hours,80%-100%,Yes,Upper middle,4.0,Higher,Rahman
Male,Early,0-1 Hour,80%-100%,No,Lower middle,4.0,Higher,Rahman
Male,Early,0-1 Hour,60%-79%,No,Upper middle,2.08,Lower,Rahman
Female,Early,More than 3 Hours,80%-100%,No,Low,2.62,Lower,Rahman
Male,Early,2-3 Hours,80%-100%,Yes,Upper middle,3.89,Higher,Rahman
Female,Late,2-3 Hours,60%-79%,No,High,2.75,Lower,Rahman
Male,Middle,More than 3 Hours,80%-100%,No,Upper middle,4.0,Higher,Rahman
Male,Middle,2-3 Hours,80%-100%,No,Upper middle,3.57,Higher,Rahman
Female,Middle,2-3 Hours,80%-100%,No,High,3.19,Higher,Rahman
Male,Late,More than 3 Hours,80%-100%,No,Lower middle,3.6,Higher,Rahman
Female,Middle,More than 3 Hours,80%-100%,No,High,2.88,Lower,Rahman
Male,Early,2-3 Hours,80%-100%,No,Lower middle,2.74,Lower,Rahman
Female,Early,More than 3 Hours,40%-59%,No,Low,1.41,Lower,Rahman
Female,Late,More than 3 Hours,80%-100%,No,Upper middle,3.42,Higher,Rahman
Female,Late,More than 3 Hours,80%-100%,No,Upper middle,3.1,Higher,Rahman
Male,Middle,2-3 Hours,80%-100%,No,High,3.96,Higher,Rahman
Male,Early,2-3 Hours,60%-79%,No,Upper middle,3.29,Higher,Rahman
Female,Early,2-3 Hours,80%-100%,No,Upper middle,3.75,Higher,Rahman
Female,Middle,More than 3 Hours,80%-100%,No,Upper middle,3.66,Higher,Rahman
Male,Middle,More than 3 Hours,80%-100%,No,Upper middle,3.88,Higher,Rahman
Male,Middle,2-3 Hours,80%-100%,Yes,Upper middle,4.0,Higher,Rahman
Male,Middle,2-3 Hours,80%-100%,Yes,Lower middle,3.64,Higher,Rahman
Male,Late,2-3 Hours,80%-100%,No,Upper middle,2.4,Lower,Rahman
Female,Early,2-3 Hours,80%-100%,Yes,Lower middle,2.67,Lower,Rahman
Female,Early,More than 3 Hours,80%-100%,No,Upper middle,2.86,Lower,Rahman
Male,Early,0-1 Hour,80%-100%,Yes,Lower middle,2.63,Higher,Rahman
Female,Middle,2-3 Hours,80%-100%,No,Lower middle,3.48,Higher,Rahman
Male,Early,0-1 Hour,80%-100%,No,Upper middle,3.75,Higher,Rahman
Male,Middle,2-3 Hours,80%-100%,Yes,Upper middle,3.94,Higher,Rahman
Female,Early,2-3 Hours,80%-100%,No,High,4.0,Higher,Rahman
Female,Middle,2-3 Hours,80%-100%,No,High,3.5,Higher,Rahman
Male,Early,2-3 Hours,80%-100%,No,High,1.91,Lower,Rahman
Male,Early,2-3 Hours,80%-100%,No,Upper middle,3.85,Higher,Rahman
Male,Middle,0-1 Hour,80%-100%,Yes,Upper middle,1.97,Lower,Rahman
Male,Early,2-3 Hours,80%-100%,No,Upper middle,3.51,Higher,Rahman
Male,Early,2-3 Hours,80%-100%,No,Lower middle,3.85,Higher,Rahman
Female,Early,2-3 Hours,80%-100%,No,Upper middle,4.0,Higher,Rahman
Male,Early,More than 3 Hours,80%-100%,No,Upper middle,3.21,Higher,Rahman
Female,Middle,2-3 Hours,80%-100%,Yes,Upper middle,3.15,Higher,Rahman
Male,Early,More than 3 Hours,80%-100%,Yes,Lower middle,3.1,Higher,Rahman
Male,Late,0-1 Hour,80%-100%,No,Low,3.22,Higher,Rahman
Female,Early,2-3 Hours,60%-79%,No,Lower middle,3.52,Higher,Rahman
Female,Early,2-3 Hours,80%-100%,No,High,3.24,Higher,Rahman
Male,Late,More than 3 Hours,80%-100%,Yes,Lower middle,3.94,Higher,Rahman
Female,Middle,More than 3 Hours,80%-100%,Yes,High,2.5,Lower,Rahman
Female,Middle,2-3 Hours,80%-100%,No,Upper middle,2.65,Lower,Rahman
Male,Early,0-1 Hour,80%-100%,No,Lower middle,2.91,Lower,Rahman
Male,Late,More than 3 Hours,80%-100%,No,Lower middle,3.22,Lower,Rahman
Male,Middle,0-1 Hour,80%-100%,Yes,High,3.67,Higher,Rahman
Female,Early,0-1 Hour,80%-100%,No,Upper middle,4.0,Higher,Rahman
Male,Early,2-3 Hours,80%-100%,Yes,Upper middle,3.92,Higher,Rahman
Male,Late,More than 3 Hours,80%-100%,No,Upper middle,3.02,Higher,Rahman
Female,Middle,More than 3 Hours,80%-100%,No,Low,3.77,Higher,Rahman
Male,Early,2-3 Hours,80%-100%,Yes,High,3.89,Higher,Rahman
Female,Late,More than 3 Hours,80%-100%,No,Upper middle,3.06,Lower,Rahman
Male,Middle,0-1 Hour,40%-59%,Yes,Upper middle,3.66,Higher,Rahman
Female,Middle,2-3 Hours,80%-100%,No,Lower middle,2.15,Lower,Rahman
Male,Late,0-1 Hour,80%-100%,No,Upper middle,3.39,Higher,Rahman
Female,Late,2-3 Hours,80%-100%,No,High,3.78,Higher,Rahman
Male,Late,More than 3 Hours,80%-100%,Yes,High,3.51,Higher,Rahman
Male,Middle,0-1 Hour,60%-79%,No,High,2.92,Lower,Rahman
Female,Middle,More than 3 Hours,80%-100%,Yes,Upper middle,2.13,Lower,Rahman
Male,Middle,2-3 Hours,80%-100%,No,Upper middle,3.4,Lower,Rahman
Female,Middle,2-3 Hours,80%-100%,Yes,Upper middle,3.4,Higher,Rahman
Male,Early,0-1 Hour,80%-100%,Yes,Upper middle,2.59,Higher,Rahman
Female,Middle,2-3 Hours,80%-100%,Yes,Lower middle,3.78,Higher,Rahman
Male,Early,2-3 Hours,80%-100%,No,Upper middle,1.75,Lower,Rahman
Male,Middle,0-1 Hour,80%-100%,Yes,Upper middle,3.4,Higher,Rahman
Female,Early,More than 3 Hours,80%-100%,No,High,1.52,Lower,Rahman
Female,Late,2-3 Hours,80%-100%,Yes,High,3.66,Higher,Rahman
Male,Middle,0-1 Hour,80%-100%,Yes,Lower middle,3.5,Higher,Rahman
Female,Late,2-3 Hours,60%-79%,Yes,Upper middle,3.59,Higher,Rahman
Male,Early,More than 3 Hours,80%-100%,No,Low,3.03,Higher,Rahman
Male,Middle,2-3 Hours,80%-100%,No,Lower middle,3.94,Higher,Rahman
Male,Early,2-3 Hours,80%-100%,Yes,Upper middle,4.0,Higher,Rahman
Female,Middle,2-3 Hours,80%-100%,No,Upper middle,3.49,Higher,Rahman
Female,Middle,0-1 Hour,80%-100%,Yes,Upper middle,3.0,Higher,Rahman
Male,Late,2-3 Hours,80%-100%,Yes,Lower middle,3.45,Higher,Rahman
Male,Middle,2-3 Hours,80%-100%,No,Upper middle,3.58,Higher,Rahman
Female,Late,More than 3 Hours,80%-100%,No,High,2.96,Lower,Rahman
Female,Early,2-3 Hours,80%-100%,Yes,Upper middle,3.38,Higher,Rahman
Female,Early,2-3 Hours,80%-100%,Yes,Upper middle,3.12,Higher,Rahman
Male,Late,2-3 Hours,80%-100%,No,Upper middle,2.86,Lower,Rahman
Female,Late,More than 3 Hours,80%-100%,No,Upper middle,3.1,Higher,Rahman
Male,Early,0-1 Hour,80%-100%,No,Lower middle,3.92,Higher,Rahman
Male,Late,2-3 Hours,80%-100%,No,Lower middle,2.76,Lower,Rahman
Female,Late,2-3 Hours,60%-79%,Yes,High,3.52,Higher,Rahman
Male,Late,2-3 Hours,80%-100%,Yes,Lower middle,4.0,Higher,Rahman
Male,Middle,2-3 Hours,80%-100%,No,High,3.84,Higher,Rahman
Female,Late,0-1 Hour,80%-100%,No,High,3.44,Higher,Rahman
Male,Late,2-3 Hours,80%-100%,No,High,3.11,Higher,Rahman
Male,Early,More than 3 Hours,80%-100%,Yes,Upper middle,2.98,Lower,Rahman
Male,Early,2-3 Hours,80%-100%,No,Lower middle,3.43,Higher,Rahman
Male,Early,More than 3 Hours,80%-100%,Yes,Upper middle,3.98,Higher,Rahman
Female,Late,2-3 Hours,80%-100%,Yes,Upper middle,3.08,Higher,Rahman
Female,Late,2-3 Hours,80%-100%,Yes,Lower middle,3.1,Higher,Rahman
Male,Early,2-3 Hours,80%-100%,No,Upper middle,2.37,Lower,Rahman
Male,Early,0-1 Hour,80%-100%,No,Upper middle,3.58,Higher,Rahman
Male,Middle,More than 3 Hours,80%-100%,Yes,High,3.36,Higher,Rahman
Male,Middle,2-3 Hours,80%-100%,Yes,High,2.9,Lower,Rahman
Male,Early,More than 3 Hours,80%-100%,Yes,Upper middle,3.32,Higher,Rahman
Male,Middle,More than 3 Hours,Below 40%,No,Upper middle,3.3,Higher,Rahman
Male,Late,More than 3 Hours,80%-100%,No,Upper middle,3.92,Higher,Rahman
Female,Late,0-1 Hour,80%-100%,No,Lower middle,2.8,Lower,Rahman
Male,Early,2-3 Hours,80%-100%,Yes,Lower middle,3.33,Lower,Rahman
Male,Middle,2-3 Hours,80%-100%,No,Upper middle,3.54,Higher,Rahman
Male,Middle,More than 3 Hours,80%-100%,No,Upper middle,3.66,Higher,Rahman
Male,Late,2-3 Hours,80%-100%,Yes,Lower middle,3.78,Higher,Rahman
Male,Middle,More than 3 Hours,80%-100%,Yes,Lower middle,3.82,Higher,Rahman
Female,Late,More than 3 Hours,80%-100%,Yes,Upper middle,4.0,Higher,Rahman
Male,Early,More than 3 Hours,80%-100%,Yes,Lower middle,3.54,Higher,Rahman
Male,Early,More than 3 Hours,80%-100%,No,Lower middle,2.55,Lower,Rahman
Male,Late,2-3 Hours,80%-100%,No,Low,3.4,Higher,Rahman
Female,Late,2-3 Hours,80%-100%,No,Upper middle,3.65,Higher,Rahman
Female,Middle,2-3 Hours,80%-100%,No,Upper middle,3.62,Higher,Rahman
Male,Late,2-3 Hours,80%-100%,No,Upper middle,3.7,Higher,Rahman
Female,Middle,2-3 Hours,80%-100%,Yes,High,3.5,Higher,Rahman
Male,Early,More than 3 Hours,80%-100%,No,Upper middle,3.48,Higher,Rahman
Male,Late,2-3 Hours,80%-100%,Yes,Upper middle,3.01,Lower,Rahman
Male,Late,More than 3 Hours,80%-100%,Yes,High,3.86,Higher,Rahman
Male,Late,More than 3 Hours,80%-100%,No,Lower middle,3.38,Higher,Rahman
Female,Middle,More than 3 Hours,80%-100%,No,High,3.07,Higher,Rahman
Female,Late,2-3 Hours,80%-100%,No,Lower middle,3.59,Higher,Rahman
Male,Late,2-3 Hours,80%-100%,Yes,Upper middle,2.59,Higher,Rahman
Male,Late,2-3 Hours,80%-100%,No,Lower middle,3.3,Higher,Rahman
Female,Late,More than 3 Hours,80%-100%,Yes,High,3.72,Higher,Rahman
Male,Early,2-3 Hours,80%-100%,No,Upper middle,3.9,Higher,Rahman
Male,Late,2-3 Hours,60%-79%,Yes,Lower middle,2.55,Lower,Rahman
Male,Early,More than 3 Hours,80%-100%,No,Lower middle,3.0,Lower,Rahman
Male,Early,More than 3 Hours,80%-100%,No,Lower middle,2.0,Lower,Rahman
Female,Late,More than 3 Hours,80%-100%,No,High,3.96,Higher,Rahman
Male,Early,2-3 Hours,80%-100%,No,Lower middle,3.7,Higher,Rahman
Male,Early,More than 3 Hours,80%-100%,No,Upper middle,3.3,Higher,Rahman
Male,Middle,More than 3 Hours,80%-100%,Yes,High,3.2,Higher,Rahman
Male,Early,More than 3 Hours,80%-100%,No,Upper middle,3.57,Higher,Rahman
Female,Late,2-3 Hours,80%-100%,Yes,Upper middle,3.37,Higher,Rahman
Male,Early,More than 3 Hours,80%-100%,Yes,Upper middle,3.17,Lower,Rahman
Male,Early,0-1 Hour,80%-100%,No,Low,3.5,Higher,Rahman
Male,Early,More than 3 Hours,80%-100%,No,Lower middle,3.78,Higher,Rahman
Male,Late,2-3 Hours,80%-100%,Yes,Upper middle,3.9,Higher,Rahman
Male,Early,More than 3 Hours,40%-59%,No,High,2.94,Lower,Rahman
Female,Middle,2-3 Hours,80%-100%,No,Lower middle,2.89,Lower,Rahman
Female,Early,More than 3 Hours,80%-100%,No,Lower middle,1.8,Lower,Rahman
Female,Middle,More than 3 Hours,80%-100%,No,Upper middle,2.78,Higher,Rahman
Female,Middle,0-1 Hour,80%-100%,No,Upper middle,1.45,Lower,Rahman
Female,Late,More than 3 Hours,80%-100%,Yes,Upper middle,2.45,Higher,Rahman
Male,Late,More than 3 Hours,80%-100%,Yes,Upper middle,1.45,Lower,Rahman
Female,Middle,2-3 Hours,80%-100%,No,Upper middle,2.0,Higher,Rahman
Male,Late,0-1 Hour,80%-100%,No,Upper middle,2.89,Higher,Rahman
Female,Late,2-3 Hours,60%-79%,No,Upper middle,2.88,Higher,Rahman
Male,Middle,2-3 Hours,60%-79%,Yes,Upper middle,1.87,Lower,Rahman
Male,Late,0-1 Hour,40%-59%,Yes,Upper middle,2.44,Higher,Rahman
Female,Late,More than 3 Hours,80%-100%,No,Upper middle,2.8,Higher,Rahman
Male,Middle,More than 3 Hours,80%-100%,No,Upper middle,2.11,Higher,Rahman
Male,Middle,More than 3 Hours,80%-100%,No,Upper middle,2.37,Higher,Rahman
Male,Late,2-3 Hours,80%-100%,No,Upper middle,2.75,Higher,Rahman
Female,Late,2-3 Hours,80%-100%,No,Upper middle,1.98,Lower,Rahman
Female,Late,2-3 Hours,80%-100%,Yes,Upper middle,2.64,Higher,Rahman
Male,Late,More than 3 Hours,60%-79%,Yes,Upper middle,1.77,Lower,Rahman
Female,Middle,More than 3 Hours,80%-100%,Yes,Upper middle,2.19,Lower,Rahman
Male,Middle,More than 3 Hours,60%-79%,Yes,Upper middle,2.19,Higher,Rahman
Female,Middle,2-3 Hours,80%-100%,No,Upper middle,1.98,Lower,Rahman
Female,Late,More than 3 Hours,60%-79%,Yes,Upper middle,1.83,Lower,Rahman
Female,Late,2-3 Hours,80%-100%,No,Upper middle,1.87,Lower,Rahman
Female,Late,0-1 Hour,60%-79%,No,Upper middle,2.65,Higher,Rahman
Female,Late,More than 3 Hours,80%-100%,No,Upper middle,2.19,Higher,Rahman
Male,Early,2-3 Hours,80%-100%,No,Upper middle,2.5,Higher,Rahman
Male,Late,2-3 Hours,80%-100%,No,Upper middle,2.82,Higher,Rahman
Female,Middle,2-3 Hours,40%-59%,No,Upper middle,1.34,Lower,Rahman
Female,Middle,0-1 Hour,60%-79%,No,Upper middle,2.68,Higher,Rahman
Female,Late,2-3 Hours,80%-100%,Yes,High,1.97,Lower,Rahman
Female,Late,More than 3 Hours,80%-100%,No,High,2.76,Higher,Rahman
Female,Late,More than 3 Hours,40%-59%,Yes,High,1.72,Lower,Rahman
Male,Late,2-3 Hours,80%-100%,Yes,High,2.62,Higher,Rahman
Female,Middle,2-3 Hours,80%-100%,No,High,1.51,Lower,Rahman
Female,Middle,2-3 Hours,80%-100%,No,High,1.45,Lower,Rahman
Male,Middle,2-3 Hours,80%-100%,No,High,2.16,Higher,Rahman
Male,Middle,2-3 Hours,80%-100%,Yes,High,2.56,Higher,Rahman
Male,Late,0-1 Hour,80%-100%,No,High,1.97,Higher,Rahman
Female,Middle,2-3 Hours,80%-100%,Yes,High,2.33,Higher,Rahman
Female,Late,2-3 Hours,80%-100%,No,High,1.6,Lower,Rahman
Male,Middle,More than 3 Hours,80%-100%,Yes,High,2.11,Higher,Rahman
Female,Middle,2-3 Hours,80%-100%,Yes,High,1.19,Lower,Rahman
Male,Late,More than 3 Hours,80%-100%,No,High,2.65,Higher,Rahman
Male,Late,2-3 Hours,80%-100%,Yes,High,2.67,Higher,Rahman
Male,Late,2-3 Hours,40%-59%,No,High,2.44,Higher,Rahman
Male,Late,2-3 Hours,60%-79%,Yes,High,1.65,Lower,Rahman
Male,Late,2-3 Hours,60%-79%,Yes,High,2.54,Higher,Rahman
Male,Late,2-3 Hours,80%-100%,Yes,High,2.5,Higher,Rahman
Female,Middle,More than 3 Hours,80%-100%,Yes,High,2.07,Higher,Rahman
Female,Middle,More than 3 Hours,80%-100%,No,High,1.77,Lower,Rahman
Male,Middle,2-3 Hours,80%-100%,No,High,2.11,Higher,Rahman
Female,Middle,2-3 Hours,40%-59%,Yes,High,2.33,Higher,Rahman
Female,Middle,2-3 Hours,80%-100%,Yes,High,2.77,Higher,Rahman
Male,Late,More than 3 Hours,80%-100%,No,High,2.87,Higher,Rahman
Male,Late,2-3 Hours,80%-100%,No,High,2.19,Higher,Rahman
Male,Late,2-3 Hours,80%-100%,No,High,2.11,Higher,Rahman
Male,Late,0-1 Hour,40%-59%,Yes,High,2.51,Higher,Rahman
Male,Late,2-3 Hours,80%-100%,Yes,High,2.22,Higher,Rahman
Female,Middle,2-3 Hours,Below 40%,No,High,1.86,Lower,Rahman
Female,Late,0-1 Hour,40%-59%,Yes,High,1.87,Lower,Rahman
Female,Middle,More than 3 Hours,80%-100%,No,High,2.88,Higher,Rahman
Female,Late,2-3 Hours,80%-100%,No,High,1.91,Higher,Rahman
Female,Middle,2-3 Hours,80%-100%,No,High,1.81,Lower,Rahman
Male,Middle,2-3 Hours,40%-59%,No,High,1.72,Lower,Rahman
Female,Late,0-1 Hour,60%-79%,No,High,1.56,Lower,Rahman
Female,Middle,0-1 Hour,80%-100%,Yes,High,2.23,Higher,Rahman
Female,Middle,2-3 Hours,80%-100%,No,High,2.67,Higher,Rahman
Female,Early,More than 3 Hours,60%-79%,No,High,1.65,Lower,Rahman
Female,Late,2-3 Hours,80%-100%,No,High,2.44,Higher,Rahman
Male,Middle,More than 3 Hours,60%-79%,Yes,High,1.56,Lower,Rahman
Female,Late,More than 3 Hours,80%-100%,No,High,2.21,Higher,Rahman
Male,Late,0-1 Hour,80%-100%,No,High,2.61,Higher,Rahman
Female,Late,2-3 Hours,80%-100%,No,High,2.41,Higher,Rahman
Female,Late,2-3 Hours,80%-100%,Yes,High,1.57,Lower,Rahman
Male,Late,More than 3 Hours,80%-100%,Yes,High,2.73,Higher,Rahman
Male,Late,2-3 Hours,80%-100%,No,High,2.87,Higher,Rahman
Male,Middle,2-3 Hours,80%-100%,No,High,1.56,Lower,Rahman
Male,Middle,2-3 Hours,80%-100%,No,High,2.87,Higher,Rahman
Male,Middle,2-3 Hours,80%-100%,No,High,1.79,Lower,Rahman
Male,Late,More than 3 Hours,80%-100%,No,High,2.88,Higher,Rahman
Female,Late,More than 3 Hours,80%-100%,No,High,2.78,Higher,Rahman
Female,Middle,0-1 Hour,80%-100%,Yes,High,2.36,Higher,Rahman
Female,Middle,2-3 Hours,80%-100%,No,High,2.03,Higher,Rahman
Female,Late,More than 3 Hours,60%-79%,Yes,High,2.83,Higher,Rahman
Female,Middle,More than 3 Hours,80%-100%,Yes,High,2.44,Higher,Rahman
Male,Middle,More than 3 Hours,40%-59%,No,High,1.66,Lower,Rahman
Male,Late,More than 3 Hours,80%-100%,Yes,High,2.54,Higher,Rahman
Female,Late,2-3 Hours,80%-100%,No,High,2.79,Higher,Rahman
Male,Late,2-3 Hours,60%-79%,No,High,1.55,Lower,Rahman
Male,Middle,More than 3 Hours,80%-100%,No,High,1.25,Lower,Rahman
Female,Late,More than 3 Hours,80%-100%,No,High,2.56,Higher,Rahman
Male,Middle,More than 3 Hours,80%-100%,Yes,High,2.64,Higher,Rahman
Male,Late,2-3 Hours,60%-79%,Yes,High,1.45,Lower,Rahman
Male,Late,2-3 Hours,60%-79%,No,High,1.56,Lower,Rahman
Female,Middle,More than 3 Hours,60%-79%,No,High,2.1,Higher,Rahman
Female,Early,2-3 Hours,60%-79%,No,High,2.1,Higher,Rahman
Female,Late,2-3 Hours,80%-100%,No,High,1.54,Lower,Rahman
Male,Late,0-1 Hour,80%-100%,Yes,High,2.39,Higher,Rahman
Female,Middle,More than 3 Hours,80%-100%,No,High,2.51,Higher,Rahman
Male,Late,2-3 Hours,60%-79%,Yes,High,2.81,Higher,Rahman
Female,Late,2-3 Hours,80%-100%,No,High,2.45,Higher,Rahman
Male,Middle,2-3 Hours,80%-100%,Yes,High,2.66,Higher,Rahman
Female,Late,More than 3 Hours,80%-100%,Yes,High,2.04,Higher,Rahman
Male,Middle,More than 3 Hours,80%-100%,Yes,High,2.29,Higher,Rahman
Male,Middle,More than 3 Hours,80%-100%,No,High,2.55,Higher,Rahman
Male,Late,More than 3 Hours,80%-100%,Yes,High,2.9,Higher,Rahman
Male,Late,2-3 Hours,80%-100%,Yes,High,2.34,Higher,Rahman
Male,Late,2-3 Hours,80%-100%,No,High,2.08,Higher,Rahman
Female,Late,2-3 Hours,80%-100%,No,High,2.51,Higher,Rahman
Female,Middle,More than 3 Hours,80%-100%,No,High,2.13,Higher,Rahman
Male,Late,2-3 Hours,Below 40%,No,High,1.43,Lower,Rahman
Female,Early,2-3 Hours,80%-100%,Yes,High,1.26,Lower,Rahman
Female,Late,2-3 Hours,40%-59%,No,High,1.56,Lower,Rahman
Male,Late,2-3 Hours,80%-100%,No,High,1.75,Lower,Rahman
Male,Late,2-3 Hours,80%-100%,Yes,High,1.76,Lower,Rahman
Male,Middle,More than 3 Hours,80%-100%,Yes,High,1.34,Lower,Rahman
Male,Middle,More than 3 Hours,80%-100%,No,High,2.91,Higher,Rahman
Male,Late,2-3 Hours,40%-59%,Yes,High,2.46,Higher,Rahman
Female,Middle,2-3 Hours,60%-79%,No,High,1.67,Lower,Rahman
Female,Early,2-3 Hours,80%-100%,Yes,High,2.66,Lower,Rahman
Male,Late,0-1 Hour,60%-79%,Yes,High,2.65,Higher,Rahman
Male,Middle,2-3 Hours,80%-100%,No,High,2.8,Higher,Rahman
Female,Middle,More than 3 Hours,80%-100%,Yes,High,1.46,Lower,Rahman
Female,Late,2-3 Hours,80%-100%,No,High,1.67,Lower,Rahman
Male,Middle,2-3 Hours,60%-79%,Yes,High,1.35,Lower,Rahman
Male,Middle,2-3 Hours,60%-79%,No,High,2.56,Higher,Rahman
Female,Early,0-1 Hour,80%-100%,No,High,2.67,Higher,Rahman
Female,Middle,2-3 Hours,40%-59%,Yes,High,2.56,Higher,Rahman
Male,Late,2-3 Hours,80%-100%,No,High,2.67,Higher,Rahman
Male,Middle,2-3 Hours,80%-100%,No,High,2.46,Higher,Rahman
Male,Late,0-1 Hour,80%-100%,Yes,High,1.44,Lower,Rahman
Female,Late,2-3 Hours,80%-100%,Yes,High,2.53,Higher,Rahman
Female,Late,2-3 Hours,80%-100%,Yes,High,2.79,Higher,Rahman
Female,Late,2-3 Hours,80%-100%,Yes,High,2.75,Higher,Rahman
Male,Middle,0-1 Hour,80%-100%,Yes,High,1.68,Lower,Rahman
Female,Middle,More than 3 Hours,60%-79%,No,High,1.67,Lower,Rahman
Male,Late,2-3 Hours,80%-100%,No,High,1.76,Lower,Rahman
Female,Late,More than 3 Hours,80%-100%,No,High,2.88,Higher,Rahman
Male,Late,2-3 Hours,80%-100%,No,High,2.54,Higher,Rahman
Female,Late,More than 3 Hours,80%-100%,Yes,High,1.76,Lower,Rahman
Male,Middle,2-3 Hours,80%-100%,Yes,High,2.54,Higher,Rahman
Male,Late,2-3 Hours,80%-100%,Yes,High,1.54,Lower,Rahman
Female,Late,2-3 Hours,Below 40%,Yes,High,1.46,Lower,Rahman
Male,Late,More than 3 Hours,80%-100%,No,High,2.91,Higher,Rahman
Female,Late,2-3 Hours,80%-100%,Yes,High,1.8,Lower,Rahman
Female,Middle,More than 3 Hours,80%-100%,Yes,High,2.78,Higher,Rahman
Female,Middle,2-3 Hours,60%-79%,Yes,High,1.65,Lower,Rahman
Female,Middle,2-3 Hours,80%-100%,Yes,High,2.32,Higher,Rahman
Female,Late,2-3 Hours,Below 40%,No,High,1.57,Lower,Rahman
Female,Middle,2-3 Hours,80%-100%,Yes,High,2.85,Higher,Rahman
Male,Late,2-3 Hours,60%-79%,No,High,2.74,Higher,Rahman
Female,Middle,2-3 Hours,80%-100%,Yes,High,2.13,Higher,Rahman
Female,Middle,More than 3 Hours,80%-100%,Yes,High,2.91,Higher,Rahman
Female,Late,2-3 Hours,80%-100%,No,High,1.43,Lower,Rahman
Male,Late,2-3 Hours,80%-100%,No,High,1.98,Lower,Rahman
Male,Late,0-1 Hour,80%-100%,No,Low,2.91,Higher,Rahman
Female,Late,2-3 Hours,80%-100%,No,Lower middle,2.5,Higher,Rahman
Female,Early,More than 3 Hours,80%-100%,Yes,Lower middle,2.85,Higher,Rahman
Female,Late,More than 3 Hours,80%-100%,Yes,Lower middle,2.2,Higher,Rahman
Male,Late,2-3 Hours,80%-100%,Yes,Upper middle,2.48,Higher,Rahman
Female,Late,More than 3 Hours,80%-100%,No,Upper middle,2.87,Higher,Rahman
Male,Middle,2-3 Hours,80%-100%,No,Upper middle,2.56,Higher,Rahman
Female,Middle,More than 3 Hours,80%-100%,No,Upper middle,2.31,Higher,Rahman
Male,Late,2-3 Hours,80%-100%,No,Upper middle,2.45,Higher,Rahman
Female,Middle,More than 3 Hours,80%-100%,Yes,Upper middle,2.09,Higher,Rahman
Male,Late,2-3 Hours,60%-79%,Yes,Upper middle,2.45,Higher,Rahman
Female,Late,2-3 Hours,60%-79%,No,Upper middle,2.67,Higher,Rahman
Male,Middle,2-3 Hours,40%-59%,No,Upper middle,1.89,Lower,Rahman
Female,Middle,2-3 Hours,60%-79%,Yes,Upper middle,2.67,Higher,Rahman
Female,Middle,2-3 Hours,40%-59%,No,Upper middle,2.74,Higher,Rahman
Female,Late,2-3 Hours,80%-100%,No,Upper middle,1.61,Lower,Rahman
Female,Late,More than 3 Hours,80%-100%,No,Upper middle,2.54,Higher,Rahman
Male,Late,2-3 Hours,60%-79%,No,Upper middle,1.46,Lower,Rahman
Male,Late,2-3 Hours,80%-100%,No,Upper middle,2.65,Higher,Rahman
Female,Late,2-3 Hours,40%-59%,Yes,Upper middle,1.88,Lower,Rahman
Female,Middle,2-3 Hours,60%-79%,Yes,Upper middle,2.77,Higher,Rahman
Male,Middle,More than 3 Hours,80%-100%,No,Upper middle,1.98,Lower,Rahman
Male,Middle,2-3 Hours,Below 40%,No,Upper middle,1.81,Lower,Rahman
Female,Late,2-3 Hours,40%-59%,No,Upper middle,2.87,Higher,Rahman
Male,Early,2-3 Hours,80%-100%,No,Upper middle,1.76,Lower,Rahman
Female,Middle,2-3 Hours,Below 40%,Yes,Upper middle,2.34,Higher,Rahman
Female,Late,More than 3 Hours,80%-100%,No,Upper middle,2.07,Higher,Rahman
Male,Late,2-3 Hours,80%-100%,No,Upper middle,2.45,Higher,Rahman
Male,Late,More than 3 Hours,60%-79%,No,Upper middle,2.66,Higher,Rahman
Female,Late,More than 3 Hours,80%-100%,No,Upper middle,2.77,Higher,Rahman
Female,Middle,More than 3 Hours,80%-100%,No,Upper middle,2.63,Higher,Rahman
Male,Middle,2-3 Hours,80%-100%,Yes,Upper middle,2.81,Higher,Rahman
Female,Middle,2-3 Hours,80%-100%,No,Upper middle,2.44,Higher,Rahman
Male,Middle,0-1 Hour,60%-79%,Yes,Upper middle,2.5,Higher,Rahman
Female,Middle,2-3 Hours,80%-100%,Yes,Upper middle,2.55,Higher,Rahman
Female,Middle,2-3 Hours,80%-100%,No,Upper middle,2.22,Higher,Rahman
Female,Late,2-3 Hours,80%-100%,Yes,High,2.56,Higher,Rahman
Female,Middle,2-3 Hours,80%-100%,No,High,1.99,Higher,Rahman
Female,Late,2-3 Hours,Below 40%,No,High,1.56,Lower,Rahman
Female,Late,More than 3 Hours,60%-79%,No,High,2.67,Higher,Rahman
Female,Late,More than 3 Hours,80%-100%,Yes,High,2.31,Higher,Rahman
Male,Late,2-3 Hours,60%-79%,Yes,High,1.26,Lower,Rahman
Female,Late,0-1 Hour,60%-79%,Yes,High,1.55,Lower,Rahman
Female,Late,2-3 Hours,80%-100%,Yes,High,2.64,Higher,Rahman
Male,Late,0-1 Hour,80%-100%,Yes,High,2.76,Higher,Rahman
Male,Middle,More than 3 Hours,80%-100%,Yes,High,1.62,Lower,Rahman
Female,Late,2-3 Hours,80%-100%,Yes,High,2.88,Higher,Rahman
Female,Middle,2-3 Hours,80%-100%,Yes,High,2.61,Higher,Rahman
Female,Middle,0-1 Hour,80%-100%,Yes,High,2.85,Higher,Rahman
Male,Late,More than 3 Hours,80%-100%,No,High,2.19,Higher,Rahman
Female,Middle,2-3 Hours,60%-79%,Yes,High,1.9,Lower,Rahman
Female,Middle,More than 3 Hours,60%-79%,Yes,High,1.89,Higher,Rahman
Female,Late,0-1 Hour,80%-100%,No,High,2.77,Higher,Rahman
Male,Middle,2-3 Hours,80%-100%,Yes,High,1.4,Lower,Rahman
Female,Middle,More than 3 Hours,40%-59%,No,High,1.76,Lower,Rahman
Female,Middle,More than 3 Hours,80%-100%,No,High,2.66,Higher,Rahman
Male,Late,2-3 Hours,Below 40%,No,High,1.56,Lower,Rahman
Female,Middle,2-3 Hours,80%-100%,No,High,2.87,Higher,Rahman
Male,Late,More than 3 Hours,80%-100%,No,High,2.09,Higher,Rahman
Female,Late,More than 3 Hours,80%-100%,Yes,High,1.56,Lower,Rahman
Female,Late,More than 3 Hours,80%-100%,No,High,2.78,Higher,Rahman
Male,Late,0-1 Hour,60%-79%,Yes,High,2.45,Higher,Rahman
Female,Early,2-3 Hours,80%-100%,No,High,2.78,Higher,Rahman
Male,Late,More than 3 Hours,80%-100%,No,High,1.67,Lower,Rahman
Male,Late,2-3 Hours,80%-100%,Yes,High,1.55,Lower,Rahman
Female,Early,2-3 Hours,60%-79%,No,High,1.87,Lower,Rahman
Male,Middle,More than 3 Hours,80%-100%,Yes,High,1.56,Lower,Rahman
Female,Middle,2-3 Hours,80%-100%,No,High,2.7,Higher,Rahman
Female,Late,2-3 Hours,80%-100%,No,High,2.76,Higher,Rahman
Male,Middle,2-3 Hours,60%-79%,Yes,High,1.45,Lower,Rahman
Male,Middle,More than 3 Hours,80%-100%,Yes,High,1.55,Lower,Rahman
Male,Late,2-3 Hours,80%-100%,No,High,2.67,Higher,Rahman
Female,Late,2-3 Hours,80%-100%,Yes,High,2.86,Higher,Rahman
Female,Middle,More than 3 Hours,80%-100%,No,High,2.03,Higher,Rahman
Female,Late,More than 3 Hours,80%-100%,No,High,2.31,Higher,Rahman
Female,Middle,More than 3 Hours,80%-100%,Yes,High,2.66,Higher,Rahman
Female,Middle,More than 3 Hours,80%-100%,No,High,2.11,Higher,Rahman
Male,Middle,2-3 Hours,80%-100%,No,High,1.67,Lower,Rahman
Male,Late,2-3 Hours,80%-100%,Yes,High,2.4,Higher,Rahman
Female,Early,2-3 Hours,Below 40%,No,High,1.55,Lower,Rahman
Female,Middle,More than 3 Hours,80%-100%,Yes,High,2.55,Higher,Rahman
Male,Late,0-1 Hour,80%-100%,Yes,High,2.45,Higher,Rahman
Male,Late,More than 3 Hours,80%-100%,No,High,2.77,Higher,Rahman
Female,Middle,2-3 Hours,80%-100%,Yes,High,2.53,Higher,Rahman
Female,Middle,2-3 Hours,40%-59%,Yes,High,1.65,Lower,Rahman
Female,Early,2-3 Hours,60%-79%,No,High,2.32,Higher,Rahman
Female,Late,0-1 Hour,60%-79%,Yes,High,2.61,Higher,Rahman
Male,Late,2-3 Hours,40%-59%,Yes,High,1.55,Lower,Rahman
Male,Early,More than 3 Hours,80%-100%,Yes,High,2.23,Higher,Rahman
Male,Late,0-1 Hour,60%-79%,Yes,High,2.45,Higher,Rahman
Female,Late,0-1 Hour,80%-100%,No,High,2.11,Higher,Rahman
Male,Late,2-3 Hours,60%-79%,No,High,1.59,Lower,Rahman
Male,Late,More than 3 Hours,80%-100%,Yes,High,2.56,Higher,Rahman
Male,Middle,More than 3 Hours,80%-100%,Yes,High,2.76,Higher,Rahman
Male,Late,2-3 Hours,80%-100%,Yes,High,2.76,Higher,Rahman
Male,Middle,2-3 Hours,80%-100%,No,High,2.61,Higher,Rahman
Female,Late,0-1 Hour,80%-100%,No,High,2.75,Higher,Rahman
Male,Late,2-3 Hours,80%-100%,Yes,High,1.98,Higher,Rahman
Male,Late,More than 3 Hours,80%-100%,No,High,2.77,Higher,Rahman
Male,Middle,2-3 Hours,60%-79%,Yes,High,1.79,Lower,Rahman
Female,Middle,2-3 Hours,80%-100%,No,High,1.88,Lower,Rahman
Male,Middle,2-3 Hours,60%-79%,Yes,High,2.38,Higher,Rahman
Male,Late,More than 3 Hours,80%-100%,No,High,2.08,Higher,Rahman
Female,Early,More than 3 Hours,60%-79%,No,High,1.89,Higher,Rahman
Male,Middle,2-3 Hours,Below 40%,Yes,High,1.21,Lower,Rahman
Male,Middle,2-3 Hours,60%-79%,Yes,High,1.81,Lower,Rahman
Male,Middle,More than 3 Hours,80%-100%,Yes,High,2.45,Higher,Rahman
Male,Late,2-3 Hours,80%-100%,Yes,High,1.56,Lower,Rahman
Female,Late,2-3 Hours,80%-100%,Yes,High,1.6,Lower,Rahman
Female,Late,2-3 Hours,40%-59%,No,High,1.81,Lower,Rahman
Female,Middle,2-3 Hours,80%-100%,No,High,1.76,Lower,Rahman
Female,Late,2-3 Hours,80%-100%,No,High,1.57,Lower,Rahman
Male,Late,2-3 Hours,80%-100%,Yes,High,2.05,Higher,Rahman
Male,Late,2-3 Hours,60%-79%,No,High,2.38,Higher,Rahman
Female,Middle,2-3 Hours,80%-100%,Yes,High,2.67,Higher,Rahman
Male,Middle,2-3 Hours,80%-100%,No,High,1.56,Lower,Rahman
Male,Late,2-3 Hours,80%-100%,Yes,High,1.91,Lower,Rahman
Male,Late,2-3 Hours,60%-79%,Yes,High,1.89,Higher,Rahman
Female,Middle,More than 3 Hours,80%-100%,No,High,2.76,Higher,Rahman
Female,Late,2-3 Hours,80%-100%,Yes,High,2.76,Higher,Rahman
Male,Middle,More than 3 Hours,60%-79%,Yes,High,2.7,Higher,Rahman
Male,Late,2-3 Hours,80%-100%,No,High,2.56,Higher,Rahman
Male,Middle,0-1 Hour,60%-79%,No,High,1.81,Lower,Rahman
Male,Middle,2-3 Hours,80%-100%,No,High,2.53,Higher,Rahman
Female,Middle,2-3 Hours,80%-100%,Yes,High,2.54,Higher,Rahman
Female,Middle,More than 3 Hours,80%-100%,Yes,High,2.45,Higher,Rahman
Female,Middle,More than 3 Hours,80%-100%,No,High,2.91,Higher,Rahman
Male,Middle,0-1 Hour,40%-59%,Yes,High,2.67,Higher,Rahman
Female,Late,More than 3 Hours,60%-79%,No,High,2.33,Higher,Rahman
Male,Late,0-1 Hour,80%-100%,Yes,High,2.87,Higher,Rahman
Female,Late,2-3 Hours,80%-100%,Yes,High,2.09,Higher,Rahman
Female,Late,2-3 Hours,60%-79%,Yes,High,1.67,Lower,Rahman
Female,Middle,0-1 Hour,40%-59%,Yes,High,1.15,Lower,Rahman
Female,Middle,2-3 Hours,80%-100%,No,High,2.56,Higher,Rahman
Male,Middle,2-3 Hours,80%-100%,No,High,1.99,Lower,Rahman
Female,Early,More than 3 Hours,80%-100%,Yes,High,2.78,Higher,Rahman
Male,Late,2-3 Hours,80%-100%,Yes,High,2.21,Higher,Rahman
Male,Late,2-3 Hours,80%-100%,No,High,1.46,Lower,Rahman
Male,Late,2-3 Hours,60%-79%,No,High,2.67,Higher,Rahman
Male,Late,More than 3 Hours,80%-100%,No,High,2.32,Higher,Rahman
Female,Early,More than 3 Hours,60%-79%,Yes,High,2.22,Higher,Rahman
Female,Early,More than 3 Hours,80%-100%,No,High,1.88,Lower,Rahman
Male,Late,2-3 Hours,60%-79%,No,High,1.45,Lower,Rahman
Male,Late,2-3 Hours,80%-100%,Yes,High,1.54,Lower,Rahman
Male,Middle,2-3 Hours,80%-100%,Yes,High,2.78,Higher,Rahman
Male,Late,2-3 Hours,80%-100%,No,High,2.1,Higher,Rahman
Male,Late,More than 3 Hours,80%-100%,No,High,2.57,Higher,Rahman
Female,Early,2-3 Hours,80%-100%,Yes,High,2.44,Higher,Rahman
Male,Late,2-3 Hours,60%-79%,No,High,1.67,Lower,Rahman
Female,Middle,2-3 Hours,80%-100%,Yes,High,1.55,Lower,Rahman
Female,Late,2-3 Hours,80%-100%,Yes,High,2.34,Higher,Rahman
Male,Middle,2-3 Hours,80%-100%,Yes,High,1.54,Lower,Rahman
Male,Middle,More than 3 Hours,60%-79%,No,High,2.0,Higher,Rahman
Female,Late,2-3 Hours,40%-59%,No,High,1.35,Lower,Rahman
Female,Middle,More than 3 Hours,80%-100%,No,High,2.64,Higher,Rahman
Female,Late,2-3 Hours,40%-59%,No,High,1.7,Higher,Rahman
Female,Late,2-3 Hours,80%-100%,No,High,2.9,Higher,Rahman
Female,Late,More than 3 Hours,80%-100%,No,High,1.9,Higher,Rahman
Male,Late,2-3 Hours,60%-79%,No,High,2.01,Higher,Rahman
Female,Middle,More than 3 Hours,80%-100%,No,High,2.33,Higher,Rahman
Male,Middle,More than 3 Hours,60%-79%,No,Lower middle,1.6,Lower,Rahman
Male,Late,More than 3 Hours,80%-100%,No,Upper middle,2.67,Higher,Rahman
Male,Middle,2-3 Hours,80%-100%,Yes,Upper middle,1.05,Lower,Rahman
Female,Middle,More than 3 Hours,80%-100%,Yes,Upper middle,1.47,Lower,Rahman
Male,Middle,2-3 Hours,80%-100%,Yes,Upper middle,1.58,Lower,Rahman
Male,Middle,More than 3 Hours,80%-100%,Yes,Upper middle,2.45,Lower,Rahman
Male,Middle,2-3 Hours,80%-100%,No,Upper middle,1.87,Lower,Rahman
Male,Late,2-3 Hours,60%-79%,No,Upper middle,2.33,Higher,Rahman
Male,Late,0-1 Hour,80%-100%,No,Upper middle,2.9,Higher,Rahman
Female,Middle,2-3 Hours,60%-79%,No,Upper middle,1.78,Lower,Rahman
Female,Late,More than 3 Hours,80%-100%,No,Upper middle,2.77,Higher,Rahman
Female,Middle,More than 3 Hours,80%-100%,No,Upper middle,1.98,Higher,Rahman
Male,Late,More than 3 Hours,Below 40%,Yes,Upper middle,1.43,Lower,Rahman
Male,Late,More than 3 Hours,80%-100%,No,Upper middle,2.77,Higher,Rahman
Female,Late,2-3 Hours,40%-59%,No,Upper middle,2.81,Higher,Rahman
Female,Late,2-3 Hours,60%-79%,No,Upper middle,2.1,Higher,Rahman
Female,Late,2-3 Hours,60%-79%,Yes,Upper middle,1.87,Lower,Rahman
Female,Middle,0-1 Hour,80%-100%,Yes,Upper middle,2.58,Higher,Rahman
Female,Middle,2-3 Hours,80%-100%,No,Upper middle,1.77,Lower,Rahman
Male,Late,2-3 Hours,80%-100%,No,Upper middle,2.16,Higher,Rahman
Female,Late,0-1 Hour,80%-100%,Yes,Upper middle,2.53,Higher,Rahman
Male,Middle,2-3 Hours,80%-100%,No,Upper middle,2.75,Higher,Rahman
Female,Late,2-3 Hours,60%-79%,Yes,Upper middle,2.01,Higher,Rahman
Female,Late,2-3 Hours,60%-79%,Yes,Upper middle,2.77,Higher,Rahman
Female,Late,More than 3 Hours,80%-100%,No,High,2.04,Higher,Rahman
Male,Middle,More than 3 Hours,40%-59%,No,High,2.01,Higher,Rahman
Female,Middle,2-3 Hours,Below 40%,Yes,High,1.87,Lower,Rahman
Male,Late,More than 3 Hours,80%-100%,Yes,High,2.02,Higher,Rahman
Male,Late,2-3 Hours,60%-79%,Yes,High,1.98,Lower,Rahman
Male,Late,More than 3 Hours,80%-100%,Yes,High,2.56,Higher,Rahman
Male,Late,2-3 Hours,80%-100%,Yes,High,1.54,Lower,Rahman
Male,Late,2-3 Hours,80%-100%,Yes,High,1.56,Lower,Rahman
Female,Middle,2-3 Hours,Below 40%,Yes,High,1.88,Lower,Rahman
Male,Late,0-1 Hour,80%-100%,No,High,2.76,Higher,Rahman
Female,Early,2-3 Hours,80%-100%,Yes,High,1.56,Lower,Rahman
Female,Late,0-1 Hour,40%-59%,Yes,High,1.24,Lower,Rahman
Female,Late,More than 3 Hours,80%-100%,Yes,High,1.95,Lower,Rahman
Female,Late,0-1 Hour,40%-59%,Yes,High,1.65,Lower,Rahman
Female,Middle,2-3 Hours,80%-100%,No,High,1.11,Lower,Rahman
Female,Late,0-1 Hour,60%-79%,No,High,1.71,Lower,Rahman
Male,Late,More than 3 Hours,80%-100%,Yes,High,1.33,Lower,Rahman
Female,Late,2-3 Hours,80%-100%,Yes,High,2.56,Higher,Rahman
Male,Early,More than 3 Hours,80%-100%,No,High,2.81,Higher,Rahman
Female,Late,2-3 Hours,80%-100%,No,High,2.73,Higher,Rahman
Female,Middle,More than 3 Hours,80%-100%,No,High,1.88,Lower,Rahman
Male,Middle,2-3 Hours,80%-100%,Yes,High,2.33,Higher,Rahman
Male,Late,2-3 Hours,80%-100%,No,High,2.22,Higher,Rahman
Male,Late,2-3 Hours,40%-59%,No,High,1.45,Lower,Rahman
Female,Middle,More than 3 Hours,80%-100%,Yes,High,1.76,Lower,Rahman
Female,Middle,More than 3 Hours,80%-100%,Yes,High,2.66,Higher,Rahman
Female,Late,2-3 Hours,40%-59%,Yes,High,2.55,Higher,Rahman
Female,Late,More than 3 Hours,80%-100%,No,High,2.71,Higher,Rahman
Female,Middle,2-3 Hours,80%-100%,No,High,2.22,Higher,Rahman
Male,Early,0-1 Hour,80%-100%,Yes,High,1.95,Lower,Rahman
Female,Middle,2-3 Hours,80%-100%,No,High,2.77,Higher,Rahman
Male,Middle,More than 3 Hours,80%-100%,Yes,High,2.75,Higher,Rahman
Female,Middle,More than 3 Hours,80%-100%,No,High,2.61,Higher,Rahman
Female,Middle,More than 3 Hours,Below 40%,No,High,1.35,Lower,Rahman
Male,Late,0-1 Hour,80%-100%,No,High,2.44,Higher,Rahman
Female,Middle,More than 3 Hours,80%-100%,Yes,High,1.56,Lower,Rahman
Female,Middle,2-3 Hours,80%-100%,No,High,1.76,Lower,Rahman
Female,Early,More than 3 Hours,60%-79%,Yes,High,1.9,Higher,Rahman
Male,Middle,More than 3 Hours,80%-100%,No,High,1.99,Higher,Rahman
Female,Middle,0-1 Hour,40%-59%,No,High,2.43,Higher,Rahman
Female,Late,More than 3 Hours,80%-100%,No,High,1.67,Lower,Rahman
Female,Late,More than 3 Hours,80%-100%,No,High,2.78,Higher,Rahman
Male,Late,2-3 Hours,80%-100%,No,High,1.81,Lower,Rahman
Male,Late,More than 3 Hours,80%-100%,Yes,High,2.91,Higher,Rahman
Male,Early,2-3 Hours,80%-100%,No,High,2.65,Higher,Rahman
Male,Late,More than 3 Hours,60%-79%,No,High,2.23,Higher,Rahman
Female,Middle,2-3 Hours,80%-100%,No,High,2.13,Higher,Rahman
Male,Late,More than 3 Hours,80%-100%,Yes,High,2.66,Higher,Rahman
Female,Late,2-3 Hours,80%-100%,Yes,High,2.87,Higher,Rahman
Female,Middle,2-3 Hours,60%-79%,Yes,High,2.65,Higher,Rahman
Female,Late,2-3 Hours,80%-100%,Yes,High,1.38,Lower,Rahman
Male,Late,More than 3 Hours,80%-100%,No,High,2.19,Higher,Rahman
Female,Middle,2-3 Hours,80%-100%,No,High,2.11,Higher,Rahman
Female,Late,0-1 Hour,60%-79%,Yes,High,1.78,Lower,Rahman
Female,Middle,2-3 Hours,80%-100%,No,High,2.45,Higher,Rahman
Male,Late,2-3 Hours,80%-100%,Yes,High,2.67,Higher,Rahman
Male,Late,2-3 Hours,80%-100%,Yes,High,2.61,Higher,Rahman
Female,Late,More than 3 Hours,80%-100%,No,High,1.61,Lower,Rahman
Male,Late,0-1 Hour,80%-100%,No,High,2.89,Higher,Rahman
Female,Late,2-3 Hours,80%-100%,Yes,High,1.68,Lower,Rahman
Male,Late,0-1 Hour,80%-100%,Yes,High,1.63,Lower,Rahman
Male,Middle,2-3 Hours,80%-100%,No,High,1.56,Lower,Rahman
Male,Late,More than 3 Hours,80%-100%,Yes,High,2.75,Higher,Rahman
Male,Middle,More than 3 Hours,80%-100%,No,High,2.56,Higher,Rahman
Female,Late,2-3 Hours,80%-100%,No,High,2.56,Higher,Rahman
Male,Late,More than 3 Hours,80%-100%,Yes,High,1.76,Lower,Rahman
Male,Late,2-3 Hours,60%-79%,Yes,High,2.87,Higher,Rahman
Male,Middle,2-3 Hours,40%-59%,Yes,High,1.56,Lower,Rahman
Male,Late,2-3 Hours,80%-100%,Yes,High,2.57,Higher,Rahman
Male,Late,More than 3 Hours,80%-100%,Yes,High,1.5,Lower,Rahman
Female,Late,2-3 Hours,80%-100%,No,High,2.55,Higher,Rahman
Female,Early,More than 3 Hours,80%-100%,Yes,High,2.56,Higher,Rahman
Male,Late,More than 3 Hours,80%-100%,Yes,High,2.87,Higher,Rahman
Female,Late,0-1 Hour,80%-100%,Yes,High,2.48,Higher,Rahman
Male,Middle,0-1 Hour,80%-100%,No,High,1.35,Lower,Rahman
Male,Middle,More than 3 Hours,80%-100%,No,High,1.56,Lower,Rahman
Female,Middle,More than 3 Hours,60%-79%,Yes,High,1.66,Lower,Rahman
Male,Middle,2-3 Hours,80%-100%,No,High,1.86,Lower,Rahman
Female,Early,More than 3 Hours,80%-100%,No,High,2.77,Higher,Rahman
Female,Middle,0-1 Hour,40%-59%,No,High,2.81,Higher,Rahman
Female,Late,2-3 Hours,80%-100%,Yes,High,2.75,Higher,Rahman
Male,Late,More than 3 Hours,60%-79%,Yes,High,1.56,Lower,Rahman
Male,Late,2-3 Hours,80%-100%,No,High,2.91,Higher,Rahman
Male,Middle,2-3 Hours,40%-59%,No,High,1.54,Lower,Rahman
Female,Late,2-3 Hours,80%-100%,No,High,1.78,Lower,Rahman
Female,Early,More than 3 Hours,60%-79%,Yes,High,2.9,Higher,Rahman
Male,Late,2-3 Hours,40%-59%,Yes,High,2.67,Higher,Rahman
Male,Middle,More than 3 Hours,80%-100%,No,High,2.33,Higher,Rahman
Female,Late,2-3 Hours,60%-79%,Yes,High,2.76,Higher,Rahman
Male,Middle,More than 3 Hours,60%-79%,No,High,1.23,Lower,Rahman
Female,Late,2-3 Hours,40%-59%,No,High,2.35,Higher,Rahman
Male,Late,More than 3 Hours,60%-79%,No,High,1.34,Lower,Rahman
Female,Late,More than 3 Hours,80%-100%,No,High,2.07,Higher,Rahman
Male,Late,More than 3 Hours,80%-100%,Yes,High,2.56,Higher,Rahman
Female,Middle,2-3 Hours,60%-79%,No,High,1.77,Lower,Rahman
Female,Middle,2-3 Hours,60%-79%,No,High,2.67,Higher,Rahman
Female,Late,2-3 Hours,80%-100%,Yes,High,1.86,Lower,Rahman
Male,Middle,0-1 Hour,80%-100%,Yes,High,1.87,Lower,Rahman
Male,Middle,2-3 Hours,80%-100%,No,High,1.22,Lower,Rahman
Female,Middle,2-3 Hours,80%-100%,Yes,High,1.4,Lower,Rahman
Female,Middle,2-3 Hours,80%-100%,Yes,High,1.78,Lower,Rahman
Male,Middle,More than 3 Hours,60%-79%,No,High,1.77,Lower,Rahman
Male,Late,More than 3 Hours,80%-100%,No,High,2.55,Higher,Rahman
Male,Late,0-1 Hour,80%-100%,No,High,2.65,Higher,Rahman
Female,Late,More than 3 Hours,Below 40%,Yes,High,2.81,Higher,Rahman
Female,Late,2-3 Hours,80%-100%,Yes,High,2.34,Higher,Rahman
Male,Late,2-3 Hours,80%-100%,Yes,High,2.35,Higher,Rahman
Female,Middle,0-1 Hour,40%-59%,Yes,High,2.65,Higher,Rahman
Male,Middle,More than 3 Hours,80%-100%,Yes,High,2.5,Lower,Rahman
Male,Late,2-3 Hours,80%-100%,Yes,High,1.56,Lower,Rahman
Female,Late,More than 3 Hours,80%-100%,No,High,1.4,Lower,Rahman
Female,Late,2-3 Hours,80%-100%,Yes,High,1.34,Lower,Rahman
Male,Early,0-1 Hour,Below 40%,No,Lower middle,1.0,Lower,Hasan
Male,Early,0-1 Hour,60%-79%,No,High,1.06,Lower,Hasan
Male,Late,2-3 Hours,80%-100%,Yes,Upper middle,2.95,Lower,Hasan
Male,Middle,0-1 Hour,Below 40%,Yes,Low,1.42,Lower,Hasan
Female,Early,0-1 Hour,Below 40%,No,Lower middle,1.5,Lower,Hasan
Male,Early,0-1 Hour,Below 40%,No,Lower middle,1.56,Lower,Hasan
Male,Late,0-1 Hour,Below 40%,No,Upper middle,1.57,Lower,Hasan
Male,Middle,0-1 Hour,60%-79%,Yes,Lower middle,1.57,Lower,Hasan
Male,Middle,0-1 Hour,60%-79%,No,Upper middle,1.0,Lower,Hasan
Male,Early,0-1 Hour,Below 40%,No,Low,1.62,Lower,Hasan
Male,Early,0-1 Hour,Below 40%,No,Lower middle,1.69,Lower,Hasan
Female,Middle,0-1 Hour,60%-79%,Yes,Lower middle,1.83,Lower,Hasan
Male,Early,0-1 Hour,60%-79%,No,Lower middle,1.69,Lower,Hasan
Male,Middle,0-1 Hour,60%-79%,No,High,1.33,Lower,Hasan
Male,Early,0-1 Hour,60%-79%,Yes,High,1.75,Lower,Hasan
Male,Early,0-1 Hour,60%-79%,No,Low,1.25,Lower,Hasan
Male,Early,0-1 Hour,80%-100%,Yes,Lower middle,1.79,Lower,Hasan
Male,Early,0-1 Hour,60%-79%,No,Lower middle,1.63,Lower,Hasan
Male,Early,0-1 Hour,60%-79%,Yes,Upper middle,1.88,Lower,Hasan
Male,Middle,0-1 Hour,60%-79%,No,Upper middle,1.89,Lower,Hasan
Male,Late,0-1 Hour,Below 40%,No,Upper middle,1.45,Lower,Hasan
Female,Middle,0-1 Hour,Below 40%,No,High,1.33,Lower,Hasan
Male,Early,0-1 Hour,60%-79%,No,Low,1.92,Lower,Hasan
Male,Early,2-3 Hours,60%-79%,No,Lower middle,2.06,Lower,Hasan
Male,Late,0-1 Hour,60%-79%,No,Lower middle,2.33,Lower,Hasan
Male,Middle,2-3 Hours,60%-79%,Yes,Low,2.16,Lower,Hasan
Male,Middle,0-1 Hour,60%-79%,No,Low,1.5,Lower,Hasan
Male,Middle,0-1 Hour,60%-79%,No,Lower middle,1.64,Lower,Hasan
Male,Middle,0-1 Hour,Below 40%,No,High,1.33,Lower,Hasan
Male,Early,2-3 Hours,60%-79%,No,Lower middle,2.5,Lower,Hasan
Male,Late,0-1 Hour,40%-59%,No,High,2.23,Lower,Hasan
Female,Middle,0-1 Hour,40%-59%,No,Upper middle,2.11,Lower,Hasan
Male,Early,0-1 Hour,40%-59%,No,Low,2.17,Lower,Hasan
Male,Early,0-1 Hour,40%-59%,No,Upper middle,2.08,Lower,Hasan
Male,Middle,0-1 Hour,60%-79%,Yes,Upper middle,1.94,Lower,Hasan
Male,Late,0-1 Hour,60%-79%,No,Lower middle,2.0,Lower,Hasan
Male,Late,0-1 Hour,40%-59%,No,High,2.25,Lower,Hasan
Female,Middle,2-3 Hours,60%-79%,Yes,High,2.25,Lower,Hasan
Male,Early,0-1 Hour,40%-59%,No,Upper middle,2.25,Lower,Hasan
Male,Early,0-1 Hour,40%-59%,No,Lower middle,2.25,Lower,Hasan
Male,Early,2-3 Hours,60%-79%,Yes,High,2.31,Lower,Hasan
Male,Late,0-1 Hour,40%-59%,No,High,2.3,Lower,Hasan
Male,Middle,2-3 Hours,60%-79%,Yes,High,2.25,Lower,Hasan
Male,Early,0-1 Hour,40%-59%,No,Lower middle,2.31,Lower,Hasan
Female,Early,0-1 Hour,40%-59%,No,Lower middle,2.31,Lower,Hasan
Male,Early,0-1 Hour,40%-59%,No,High,2.31,Lower,Hasan
Female,Middle,More than 3 Hours,60%-79%,No,Upper middle,2.44,Lower,Hasan
Female,Middle,0-1 Hour,40%-59%,No,High,2.33,Lower,Hasan
Male,Early,0-1 Hour,40%-59%,No,Lower middle,2.33,Lower,Hasan
Male,Early,0-1 Hour,40%-59%,No,Upper middle,2.33,Lower,Hasan
Male,Late,0-1 Hour,40%-59%,No,High,2.39,Lower,Hasan
Male,Middle,0-1 Hour,40%-59%,Yes,Lower middle,2.35,Lower,Hasan
Male,Middle,0-1 Hour,40%-59%,Yes,High,2.35,Lower,Hasan
Male,Early,0-1 Hour,40%-59%,No,Lower middle,2.38,Lower,Hasan
Male,Early,0-1 Hour,40%-59%,No,Upper middle,2.38,Lower,Hasan
Female,Early,0-1 Hour,40%-59%,No,High,2.38,Lower,Hasan
Female,Early,0-1 Hour,40%-59%,No,High,2.38,Lower,Hasan
Female,Late,2-3 Hours,60%-79%,No,Lower middle,2.41,Lower,Hasan
Male,Early,0-1 Hour,40%-59%,No,Lower middle,2.44,Lower,Hasan
Male,Early,0-1 Hour,40%-59%,No,Lower middle,2.44,Lower,Hasan
Male,Late,0-1 Hour,80%-100%,No,Lower middle,2.35,Lower,Hasan
Male,Early,2-3 Hours,60%-79%,No,Lower middle,2.25,Lower,Hasan
Male,Early,2-3 Hours,60%-79%,No,Lower middle,2.58,Lower,Hasan
Male,Late,2-3 Hours,80%-100%,Yes,Low,3.0,Lower,Hasan
Male,Middle,0-1 Hour,60%-79%,No,Lower middle,2.73,Lower,Hasan
Male,Early,0-1 Hour,40%-59%,No,High,2.5,Lower,Hasan
Male,Late,2-3 Hours,60%-79%,Yes,Lower middle,2.83,Lower,Hasan
Male,Early,0-1 Hour,80%-100%,Yes,High,2.24,Lower,Hasan
Female,Middle,2-3 Hours,60%-79%,No,Upper middle,2.75,Lower,Hasan
Male,Early,0-1 Hour,40%-59%,No,High,2.56,Lower,Hasan
Male,Early,0-1 Hour,40%-59%,No,Lower middle,2.56,Lower,Hasan
Male,Early,0-1 Hour,40%-59%,No,Lower middle,2.56,Lower,Hasan
Male,Early,More than 3 Hours,80%-100%,Yes,Low,3.0,Lower,Hasan
Male,Early,0-1 Hour,40%-59%,No,High,2.64,Lower,Hasan
Male,Early,0-1 Hour,40%-59%,No,Low,2.69,Lower,Hasan
Male,Early,0-1 Hour,40%-59%,No,High,2.69,Lower,Hasan
Male,Early,0-1 Hour,40%-59%,No,Lower middle,2.69,Lower,Hasan
Male,Early,0-1 Hour,40%-59%,No,High,2.69,Lower,Hasan
Male,Late,0-1 Hour,60%-79%,No,Low,2.88,Lower,Hasan
Male,Late,0-1 Hour,60%-79%,No,Lower middle,2.83,Lower,Hasan
Male,Early,0-1 Hour,60%-79%,No,Upper middle,2.83,Lower,Hasan
Female,Early,More than 3 Hours,80%-100%,Yes,Lower middle,2.41,Lower,Hasan
Male,Early,2-3 Hours,80%-100%,Yes,Lower middle,2.35,Lower,Hasan
Male,Late,0-1 Hour,80%-100%,Yes,Lower middle,2.89,Lower,Hasan
Male,Late,0-1 Hour,60%-79%,No,Lower middle,2.88,Lower,Hasan
Female,Late,0-1 Hour,60%-79%,No,High,2.75,Lower,Hasan
Male,Late,0-1 Hour,60%-79%,No,Lower middle,2.82,Lower,Hasan
Male,Late,0-1 Hour,60%-79%,No,Lower middle,2.88,Lower,Hasan
Male,Late,0-1 Hour,60%-79%,No,Upper middle,2.81,Lower,Hasan
Male,Middle,0-1 Hour,60%-79%,No,Upper middle,2.84,Lower,Hasan
Male,Middle,0-1 Hour,60%-79%,No,Low,2.81,Lower,Hasan
Female,Middle,0-1 Hour,60%-79%,No,High,2.79,Lower,Hasan
Female,Middle,0-1 Hour,60%-79%,No,High,2.83,Lower,Hasan
Female,Middle,0-1 Hour,60%-79%,No,Upper middle,2.76,Lower,Hasan
Male,Middle,0-1 Hour,60%-79%,Yes,Low,2.84,Lower,Hasan
Male,Middle,0-1 Hour,60%-79%,No,Lower middle,2.75,Lower,Hasan
Female,Middle,0-1 Hour,60%-79%,No,Lower middle,2.88,Lower,Hasan
Male,Middle,0-1 Hour,60%-79%,No,Upper middle,2.75,Lower,Hasan
Male,Middle,0-1 Hour,60%-79%,No,Lower middle,2.8,Lower,Hasan
Male,Middle,0-1 Hour,60%-79%,Yes,Low,2.88,Lower,Hasan
Male,Middle,0-1 Hour,60%-79%,Yes,Upper middle,2.75,Lower,Hasan
Male,Middle,0-1 Hour,60%-79%,No,High,2.77,Lower,Hasan
Female,Early,0-1 Hour,60%-79%,No,High,2.75,Lower,Hasan
Male,Early,0-1 Hour,60%-79%,No,High,2.75,Lower,Hasan
Male,Early,0-1 Hour,60%-79%,No,High,2.83,Lower,Hasan
Male,Early,0-1 Hour,60%-79%,No,Upper middle,2.75,Lower,Hasan
Female,Early,0-1 Hour,60%-79%,No,Lower middle,2.75,Lower,Hasan
Female,Early,0-1 Hour,60%-79%,No,Lower middle,2.75,Lower,Hasan
Female,Early,0-1 Hour,60%-79%,No,High,2.75,Lower,Hasan
Male,Late,0-1 Hour,60%-79%,No,Upper middle,2.27,Lower,Hasan
Male,Early,0-1 Hour,60%-79%,Yes,Lower middle,2.81,Lower,Hasan
Male,Early,0-1 Hour,60%-79%,Yes,Low,2.81,Lower,Hasan
Female,Late,0-1 Hour,60%-79%,Yes,Lower middle,2.96,Lower,Hasan
Female,Late,0-1 Hour,60%-79%,No,Upper middle,2.99,Lower,Hasan
Male,Middle,0-1 Hour,60%-79%,No,High,2.94,Lower,Hasan
Male,Middle,0-1 Hour,60%-79%,No,Upper middle,2.94,Lower,Hasan
Female,Middle,More than 3 Hours,60%-79%,No,Lower middle,1.52,Lower,Hasan
Female,Early,0-1 Hour,60%-79%,No,Lower middle,2.86,Lower,Hasan
Female,Early,0-1 Hour,60%-79%,No,Lower middle,2.88,Lower,Hasan
Male,Early,0-1 Hour,60%-79%,No,Lower middle,2.88,Lower,Hasan
Male,Early,0-1 Hour,60%-79%,No,Lower middle,2.88,Lower,Hasan
Male,Early,0-1 Hour,60%-79%,No,Lower middle,2.88,Lower,Hasan
Female,Early,0-1 Hour,60%-79%,No,Lower middle,2.88,Lower,Hasan
Female,Late,0-1 Hour,60%-79%,No,Lower middle,2.89,Lower,Hasan
Male,Late,0-1 Hour,60%-79%,No,Upper middle,2.91,Lower,Hasan
Female,Middle,0-1 Hour,60%-79%,No,Lower middle,2.89,Lower,Hasan
Female,Middle,0-1 Hour,60%-79%,No,Lower middle,2.93,Lower,Hasan
Female,Middle,0-1 Hour,60%-79%,No,Lower middle,2.89,Lower,Hasan
Male,Middle,0-1 Hour,60%-79%,No,High,2.92,Lower,Hasan
Male,Middle,0-1 Hour,60%-79%,No,High,2.92,Lower,Hasan
Male,Late,0-1 Hour,60%-79%,Yes,Low,2.46,Lower,Hasan
Male,Late,0-1 Hour,40%-59%,No,High,2.66,Lower,Hasan
Male,Late,0-1 Hour,40%-59%,No,Lower middle,2.57,Lower,Hasan
Male,Late,0-1 Hour,40%-59%,No,High,2.44,Lower,Hasan
Male,Middle,0-1 Hour,40%-59%,Yes,High,2.55,Lower,Hasan
Male,Middle,0-1 Hour,40%-59%,No,Upper middle,2.64,Lower,Hasan
Female,Middle,0-1 Hour,40%-59%,No,Lower middle,2.6,Lower,Hasan
Male,Middle,0-1 Hour,40%-59%,No,High,2.6,Lower,Hasan
Male,Middle,0-1 Hour,40%-59%,No,Lower middle,2.6,Lower,Hasan
Male,Middle,0-1 Hour,40%-59%,No,High,2.5,Lower,Hasan
Male,Middle,0-1 Hour,40%-59%,No,High,2.41,Lower,Hasan
Female,Middle,0-1 Hour,40%-59%,No,Upper middle,2.5,Lower,Hasan
Female,Middle,0-1 Hour,40%-59%,No,High,2.56,Lower,Hasan
Male,Middle,0-1 Hour,40%-59%,No,High,2.55,Lower,Hasan
Male,Middle,0-1 Hour,40%-59%,No,Lower middle,2.69,Lower,Hasan
Female,Middle,0-1 Hour,40%-59%,Yes,Lower middle,2.67,Lower,Hasan
Male,Middle,0-1 Hour,40%-59%,No,Lower middle,2.5,Lower,Hasan
Female,Early,0-1 Hour,40%-59%,No,Lower middle,2.67,Lower,Hasan
Male,Early,0-1 Hour,40%-59%,No,Lower middle,2.42,Lower,Hasan
Male,Early,0-1 Hour,60%-79%,No,High,2.92,Lower,Hasan
Female,Late,0-1 Hour,40%-59%,No,High,2.42,Lower,Hasan
Male,Early,0-1 Hour,60%-79%,No,Low,2.94,Lower,Hasan
Male,Early,0-1 Hour,60%-79%,No,Lower middle,2.94,Lower,Hasan
Female,Early,0-1 Hour,60%-79%,No,High,2.94,Lower,Hasan
Male,Middle,2-3 Hours,60%-79%,Yes,Lower middle,2.48,Lower,Hasan
Female,Late,2-3 Hours,80%-100%,Yes,High,3.45,Higher,Hasan
Male,Early,0-1 Hour,80%-100%,No,Lower middle,3.0,Higher,Hasan
Male,Early,0-1 Hour,60%-79%,Yes,Upper middle,2.45,Higher,Hasan
Female,Early,0-1 Hour,80%-100%,No,Upper middle,3.22,Higher,Hasan
Female,Late,More than 3 Hours,80%-100%,No,Lower middle,3.17,Higher,Hasan
Male,Early,0-1 Hour,60%-79%,No,High,3.0,Higher,Hasan
Female,Early,0-1 Hour,60%-79%,No,High,3.0,Higher,Hasan
Male,Early,0-1 Hour,60%-79%,No,High,3.0,Higher,Hasan
Female,Early,0-1 Hour,60%-79%,No,Upper middle,3.0,Higher,Hasan
Female,Early,0-1 Hour,60%-79%,No,Lower middle,3.0,Higher,Hasan
Male,Early,2-3 Hours,40%-59%,Yes,High,3.06,Higher,Hasan
Female,Early,2-3 Hours,40%-59%,Yes,Upper middle,3.06,Higher,Hasan
Male,Early,2-3 Hours,40%-59%,Yes,High,3.06,Higher,Hasan
Male,Early,2-3 Hours,80%-100%,Yes,Lower middle,2.94,Higher,Hasan
Male,Late,2-3 Hours,80%-100%,Yes,Lower middle,3.0,Higher,Hasan
Male,Late,2-3 Hours,60%-79%,No,Lower middle,3.29,Higher,Hasan
Male,Late,2-3 Hours,60%-79%,No,Upper middle,3.25,Higher,Hasan
Male,Late,2-3 Hours,60%-79%,No,Upper middle,3.25,Higher,Hasan
Female,Late,2-3 Hours,60%-79%,No,Low,3.25,Higher,Hasan
Male,Middle,2-3 Hours,60%-79%,No,Upper middle,3.25,Higher,Hasan
Female,Middle,2-3 Hours,60%-79%,No,Upper middle,3.28,Higher,Hasan
Male,Middle,2-3 Hours,60%-79%,No,Lower middle,3.3,Higher,Hasan
Male,Middle,2-3 Hours,60%-79%,No,High,3.26,Higher,Hasan
Male,Middle,2-3 Hours,60%-79%,No,Low,3.3,Higher,Hasan
Female,Middle,2-3 Hours,60%-79%,No,High,3.25,Higher,Hasan
Male,Early,2-3 Hours,60%-79%,No,Low,3.25,Higher,Hasan
Male,Late,2-3 Hours,80%-100%,Yes,Low,2.73,Higher,Hasan
Male,Middle,0-1 Hour,80%-100%,No,Low,2.69,Higher,Hasan
Male,Middle,2-3 Hours,60%-79%,No,Lower middle,2.83,Higher,Hasan
Male,Early,More than 3 Hours,80%-100%,Yes,Low,3.11,Higher,Hasan
Male,Early,2-3 Hours,80%-100%,Yes,Low,3.13,Higher,Hasan
Male,Early,2-3 Hours,80%-100%,Yes,High,3.13,Higher,Hasan
Female,Early,2-3 Hours,80%-100%,Yes,Lower middle,3.13,Higher,Hasan
Male,Early,2-3 Hours,80%-100%,No,Upper middle,3.13,Higher,Hasan
Male,Late,2-3 Hours,60%-79%,No,Low,3.34,Higher,Hasan
Male,Late,2-3 Hours,60%-79%,No,Low,3.3,Higher,Hasan
Female,Middle,2-3 Hours,60%-79%,No,High,3.34,Higher,Hasan
Male,Middle,2-3 Hours,60%-79%,No,High,3.33,Higher,Hasan
Female,Middle,2-3 Hours,60%-79%,No,High,3.33,Higher,Hasan
Female,Middle,2-3 Hours,60%-79%,No,High,3.33,Higher,Hasan
Female,Middle,2-3 Hours,60%-79%,No,Upper middle,3.3,Higher,Hasan
Male,Early,2-3 Hours,80%-100%,Yes,Upper middle,3.16,Higher,Hasan
Male,Early,2-3 Hours,60%-79%,Yes,Lower middle,3.19,Higher,Hasan
Male,Early,2-3 Hours,60%-79%,No,Lower middle,3.19,Higher,Hasan
Male,Early,2-3 Hours,60%-79%,Yes,Lower middle,3.19,Higher,Hasan
Male,Early,2-3 Hours,60%-79%,No,Upper middle,3.19,Higher,Hasan
Male,Early,2-3 Hours,60%-79%,Yes,Upper middle,3.21,Higher,Hasan
Male,Middle,More than 3 Hours,80%-100%,No,Upper middle,3.27,Higher,Hasan
Male,Late,2-3 Hours,80%-100%,Yes,Lower middle,3.02,Higher,Hasan
Male,Late,2-3 Hours,80%-100%,Yes,Low,3.09,Higher,Hasan
Male,Late,2-3 Hours,80%-100%,No,Low,3.1,Higher,Hasan
Male,Late,0-1 Hour,60%-79%,Yes,Low,3.01,Higher,Hasan
Male,Middle,2-3 Hours,40%-59%,No,Upper middle,3.08,Higher,Hasan
Male,Middle,2-3 Hours,40%-59%,Yes,Lower middle,3.04,Higher,Hasan
Male,Middle,2-3 Hours,40%-59%,No,Lower middle,3.04,Higher,Hasan
Male,Middle,2-3 Hours,60%-79%,No,Upper middle,3.22,Higher,Hasan
Male,Middle,2-3 Hours,80%-100%,No,Lower middle,3.11,Higher,Hasan
Male,Middle,2-3 Hours,80%-100%,Yes,Lower middle,3.1,Higher,Hasan
Female,Middle,2-3 Hours,40%-59%,Yes,Upper middle,3.08,Higher,Hasan
Female,Middle,2-3 Hours,40%-59%,No,Upper middle,3.04,Higher,Hasan
Male,Middle,0-1 Hour,60%-79%,No,High,3.0,Higher,Hasan
Male,Middle,2-3 Hours,40%-59%,Yes,High,3.05,Higher,Hasan
Female,Middle,2-3 Hours,40%-59%,Yes,Upper middle,3.08,Higher,Hasan
Female,Middle,2-3 Hours,40%-59%,Yes,Low,3.08,Higher,Hasan
Female,Early,2-3 Hours,40%-59%,No,Upper middle,3.06,Higher,Hasan
Male,Early,0-1 Hour,60%-79%,No,High,3.0,Higher,Hasan
Female,Early,2-3 Hours,40%-59%,Yes,Upper middle,3.08,Higher,Hasan
Male,Early,2-3 Hours,60%-79%,No,Low,3.25,Higher,Hasan
Male,Early,2-3 Hours,60%-79%,No,Low,3.25,Higher,Hasan
Male,Early,2-3 Hours,60%-79%,No,Lower middle,3.25,Higher,Hasan
Male,Early,2-3 Hours,60%-79%,No,Low,3.25,Higher,Hasan
Male,Early,2-3 Hours,60%-79%,No,Lower middle,3.25,Higher,Hasan
Male,Early,2-3 Hours,60%-79%,No,High,3.25,Higher,Hasan
Male,Early,2-3 Hours,60%-79%,No,Lower middle,3.25,Higher,Hasan
Male,Early,2-3 Hours,60%-79%,Yes,Low,3.25,Higher,Hasan
Male,Early,2-3 Hours,60%-79%,No,Lower middle,3.25,Higher,Hasan
Male,Early,2-3 Hours,60%-79%,No,Upper middle,3.25,Higher,Hasan
Female,Early,2-3 Hours,60%-79%,Yes,Upper middle,3.25,Higher,Hasan
Female,Middle,More than 3 Hours,80%-100%,No,Upper middle,3.11,Higher,Hasan
Male,Early,More than 3 Hours,80%-100%,Yes,Low,3.27,Higher,Hasan
Male,Late,2-3 Hours,60%-79%,No,Upper middle,3.47,Higher,Hasan
Male,Late,2-3 Hours,60%-79%,No,Upper middle,3.44,Higher,Hasan
Male,Late,2-3 Hours,60%-79%,No,High,3.43,Higher,Hasan
Male,Middle,2-3 Hours,60%-79%,No,High,3.48,Higher,Hasan
Female,Middle,2-3 Hours,60%-79%,No,Lower middle,3.43,Higher,Hasan
Female,Middle,2-3 Hours,60%-79%,No,High,3.47,Higher,Hasan
Female,Late,More than 3 Hours,80%-100%,No,Lower middle,3.33,Higher,Hasan
Male,Early,2-3 Hours,60%-79%,No,Upper middle,3.3,Higher,Hasan
Male,Early,2-3 Hours,60%-79%,Yes,Upper middle,3.3,Higher,Hasan
Male,Early,2-3 Hours,60%-79%,No,High,3.31,Higher,Hasan
Female,Early,2-3 Hours,60%-79%,No,High,3.31,Higher,Hasan
Female,Early,2-3 Hours,60%-79%,No,Lower middle,3.31,Higher,Hasan
Female,Early,2-3 Hours,60%-79%,No,High,3.31,Higher,Hasan
Male,Middle,More than 3 Hours,80%-100%,Yes,Lower middle,3.32,Higher,Hasan
Male,Early,2-3 Hours,60%-79%,No,High,3.32,Higher,Hasan
Male,Early,2-3 Hours,80%-100%,Yes,Lower middle,2.71,Higher,Hasan
Female,Late,2-3 Hours,60%-79%,No,Lower middle,3.41,Higher,Hasan
Female,Middle,2-3 Hours,60%-79%,Yes,Upper middle,3.35,Higher,Hasan
Female,Middle,More than 3 Hours,80%-100%,No,Lower middle,3.55,Higher,Hasan
Male,Middle,2-3 Hours,60%-79%,No,Lower middle,2.86,Higher,Hasan
Male,Middle,2-3 Hours,60%-79%,No,Upper middle,3.4,Higher,Hasan
Female,Middle,2-3 Hours,60%-79%,No,High,3.42,Higher,Hasan
Male,Middle,2-3 Hours,60%-79%,No,Lower middle,3.38,Higher,Hasan
Male,Middle,2-3 Hours,60%-79%,No,High,3.4,Higher,Hasan
Male,Middle,2-3 Hours,60%-79%,No,Lower middle,3.42,Higher,Hasan
Female,Middle,2-3 Hours,60%-79%,No,Low,3.42,Higher,Hasan
Male,Early,2-3 Hours,60%-79%,No,Upper middle,3.42,Higher,Hasan
Male,Early,2-3 Hours,60%-79%,No,High,3.35,Higher,Hasan
Male,Middle,More than 3 Hours,80%-100%,No,Upper middle,3.14,Higher,Hasan
Female,Early,2-3 Hours,60%-79%,No,Lower middle,3.38,Higher,Hasan
Male,Early,2-3 Hours,60%-79%,No,Upper middle,3.38,Higher,Hasan
Male,Early,2-3 Hours,60%-79%,No,High,3.38,Higher,Hasan
Male,Early,2-3 Hours,60%-79%,No,Lower middle,3.38,Higher,Hasan
Male,Early,2-3 Hours,60%-79%,No,Lower middle,3.38,Higher,Hasan
Female,Early,2-3 Hours,60%-79%,Yes,Upper middle,3.38,Higher,Hasan
Female,Early,2-3 Hours,60%-79%,No,Lower middle,3.38,Higher,Hasan
Male,Early,2-3 Hours,60%-79%,Yes,Lower middle,3.38,Higher,Hasan
Male,Late,0-1 Hour,80%-100%,Yes,Low,3.3,Higher,Hasan
Male,Middle,2-3 Hours,80%-100%,Yes,Lower middle,3.83,Higher,Hasan
Female,Middle,More than 3 Hours,80%-100%,No,Upper middle,3.27,Higher,Hasan
Female,Late,2-3 Hours,80%-100%,No,High,3.56,Higher,Hasan
Male,Late,2-3 Hours,60%-79%,Yes,Low,3.6,Higher,Hasan
Male,Middle,2-3 Hours,60%-79%,Yes,High,3.59,Higher,Hasan
Female,Early,2-3 Hours,60%-79%,No,High,3.44,Higher,Hasan
Male,Early,2-3 Hours,60%-79%,No,Low,3.44,Higher,Hasan
Male,Early,2-3 Hours,60%-79%,No,Lower middle,3.44,Higher,Hasan
Female,Late,0-1 Hour,60%-79%,No,Upper middle,3.52,Higher,Hasan
Male,Early,More than 3 Hours,60%-79%,No,Upper middle,2.92,Higher,Hasan
Male,Early,0-1 Hour,80%-100%,Yes,Lower middle,3.48,Higher,Hasan
Male,Late,0-1 Hour,40%-59%,Yes,High,3.02,Higher,Hasan
Female,Early,2-3 Hours,80%-100%,Yes,Lower middle,2.07,Higher,Hasan
Male,Late,0-1 Hour,80%-100%,Yes,Lower middle,3.0,Higher,Hasan
Male,Late,0-1 Hour,80%-100%,No,Low,3.76,Higher,Hasan
Male,Late,0-1 Hour,80%-100%,No,High,3.7,Higher,Hasan
Female,Late,More than 3 Hours,80%-100%,Yes,Lower middle,3.8,Higher,Hasan
Male,Middle,0-1 Hour,80%-100%,Yes,Upper middle,4.0,Higher,Hasan
Male,Middle,0-1 Hour,80%-100%,Yes,Lower middle,3.78,Higher,Hasan
Female,Middle,0-1 Hour,80%-100%,Yes,High,3.83,Higher,Hasan
Female,Middle,More than 3 Hours,80%-100%,Yes,High,3.81,Higher,Hasan
Female,Middle,More than 3 Hours,80%-100%,Yes,Upper middle,3.81,Higher,Hasan
Male,Middle,0-1 Hour,80%-100%,No,Low,3.75,Higher,Hasan
Male,Middle,0-1 Hour,80%-100%,Yes,Upper middle,3.83,Higher,Hasan
Male,Middle,0-1 Hour,80%-100%,No,High,3.75,Higher,Hasan
Female,Early,2-3 Hours,60%-79%,No,High,3.5,Higher,Hasan
Female,Early,2-3 Hours,60%-79%,No,Upper middle,3.5,Higher,Hasan
Male,Early,2-3 Hours,60%-79%,No,Low,3.5,Higher,Hasan
Male,Early,2-3 Hours,60%-79%,No,Lower middle,3.5,Higher,Hasan
Male,Early,2-3 Hours,60%-79%,No,Low,3.5,Higher,Hasan
Male,Early,2-3 Hours,60%-79%,No,High,3.5,Higher,Hasan
Female,Early,2-3 Hours,60%-79%,No,Lower middle,3.5,Higher,Hasan
Male,Late,0-1 Hour,80%-100%,No,Lower middle,3.92,Higher,Hasan
Female,Late,More than 3 Hours,80%-100%,No,Lower middle,3.42,Higher,Hasan
Male,Late,More than 3 Hours,80%-100%,No,Lower middle,3.42,Higher,Hasan
Male,Late,2-3 Hours,60%-79%,Yes,Low,3.57,Higher,Hasan
Female,Early,2-3 Hours,60%-79%,Yes,Upper middle,3.56,Higher,Hasan
Female,Early,2-3 Hours,60%-79%,Yes,Lower middle,3.56,Higher,Hasan
Male,Early,2-3 Hours,60%-79%,Yes,High,3.56,Higher,Hasan
Female,Early,2-3 Hours,60%-79%,Yes,Lower middle,3.56,Higher,Hasan
Male,Early,2-3 Hours,60%-79%,No,Upper middle,3.56,Higher,Hasan
Female,Early,2-3 Hours,60%-79%,Yes,Low,3.56,Higher,Hasan
Male,Early,2-3 Hours,60%-79%,Yes,High,3.56,Higher,Hasan
Female,Early,2-3 Hours,60%-79%,Yes,High,3.56,Higher,Hasan
Female,Early,2-3 Hours,60%-79%,No,High,3.56,Higher,Hasan
Male,Early,2-3 Hours,60%-79%,Yes,High,3.56,Higher,Hasan
Male,Early,0-1 Hour,80%-100%,No,Low,3.64,Higher,Hasan
Female,Late,2-3 Hours,60%-79%,Yes,High,3.61,Higher,Hasan
Male,Late,2-3 Hours,60%-79%,Yes,Low,3.62,Higher,Hasan
Male,Late,2-3 Hours,60%-79%,Yes,Lower middle,3.64,Higher,Hasan
Male,Middle,2-3 Hours,60%-79%,Yes,High,3.63,Higher,Hasan
Male,Early,More than 3 Hours,80%-100%,Yes,Upper middle,3.66,Higher,Hasan
Female,Late,2-3 Hours,80%-100%,Yes,Upper middle,3.66,Higher,Hasan
Male,Early,2-3 Hours,60%-79%,Yes,Lower middle,3.63,Higher,Hasan
Female,Early,2-3 Hours,60%-79%,Yes,Lower middle,3.63,Higher,Hasan
Male,Late,0-1 Hour,80%-100%,No,Lower middle,3.88,Higher,Hasan
Male,Early,2-3 Hours,60%-79%,Yes,High,3.64,Higher,Hasan
Female,Late,2-3 Hours,80%-100%,Yes,Low,3.71,Higher,Hasan
Female,Early,2-3 Hours,80%-100%,No,Upper middle,3.6,Higher,Hasan
Male,Late,2-3 Hours,80%-100%,No,High,3.53,Higher,Hasan
Male,Late,2-3 Hours,60%-79%,No,Upper middle,3.5,Higher,Hasan
Male,Late,2-3 Hours,60%-79%,Yes,Upper middle,3.55,Higher,Hasan
Male,Late,2-3 Hours,60%-79%,No,High,3.5,Higher,Hasan
Female,Middle,2-3 Hours,80%-100%,No,Upper middle,3.52,Higher,Hasan
Male,Middle,2-3 Hours,60%-79%,No,Upper middle,3.51,Higher,Hasan
Male,Middle,2-3 Hours,80%-100%,No,High,3.52,Higher,Hasan
Male,Middle,2-3 Hours,60%-79%,No,Low,3.5,Higher,Hasan
Male,Middle,2-3 Hours,60%-79%,No,High,3.5,Higher,Hasan
Male,Middle,2-3 Hours,60%-79%,No,Low,3.5,Higher,Hasan
Female,Early,2-3 Hours,80%-100%,Yes,High,3.68,Higher,Hasan
Male,Early,More than 3 Hours,80%-100%,Yes,Low,3.69,Higher,Hasan
Male,Early,More than 3 Hours,80%-100%,Yes,Lower middle,3.69,Higher,Hasan
Male,Late,More than 3 Hours,80%-100%,Yes,Upper middle,4.0,Higher,Hasan
Male,Late,2-3 Hours,80%-100%,Yes,Upper middle,1.82,Higher,Hasan
Female,Late,2-3 Hours,60%-79%,Yes,Lower middle,3.18,Higher,Hasan
Male,Late,2-3 Hours,60%-79%,Yes,Upper middle,3.2,Higher,Hasan
Female,Late,2-3 Hours,80%-100%,No,Low,3.16,Higher,Hasan
Female,Middle,2-3 Hours,60%-79%,Yes,Lower middle,3.19,Higher,Hasan
Male,Middle,2-3 Hours,60%-79%,Yes,High,3.17,Higher,Hasan
Female,Middle,2-3 Hours,60%-79%,No,High,3.19,Higher,Hasan
Male,Middle,2-3 Hours,60%-79%,No,High,3.17,Higher,Hasan
Male,Middle,0-1 Hour,80%-100%,Yes,High,4.0,Higher,Hasan
Male,Early,0-1 Hour,80%-100%,No,Low,3.7,Higher,Hasan
Male,Early,0-1 Hour,80%-100%,No,Lower middle,3.7,Higher,Hasan
Male,Early,2-3 Hours,80%-100%,No,Low,3.71,Higher,Hasan
Male,Late,2-3 Hours,80%-100%,Yes,Upper middle,3.73,Higher,Hasan
Male,Late,2-3 Hours,80%-100%,No,High,3.73,Higher,Hasan
Male,Middle,2-3 Hours,80%-100%,No,Upper middle,3.74,Higher,Hasan
Male,Late,2-3 Hours,80%-100%,No,Low,3.68,Higher,Hasan
Female,Late,2-3 Hours,80%-100%,Yes,Lower middle,3.68,Higher,Hasan
Male,Late,2-3 Hours,80%-100%,No,Upper middle,3.85,Higher,Hasan
Female,Late,2-3 Hours,80%-100%,No,Upper middle,3.85,Higher,Hasan
Female,Late,2-3 Hours,80%-100%,No,Lower middle,3.66,Higher,Hasan
Male,Late,More than 3 Hours,80%-100%,Yes,Lower middle,3.7,Higher,Hasan
Male,Middle,2-3 Hours,80%-100%,Yes,High,3.67,Higher,Hasan
Female,Middle,2-3 Hours,80%-100%,No,High,3.87,Higher,Hasan
Male,Middle,2-3 Hours,80%-100%,Yes,High,3.66,Higher,Hasan
Male,Early,2-3 Hours,80%-100%,Yes,High,3.67,Higher,Hasan
Female,Late,2-3 Hours,80%-100%,No,Lower middle,3.9,Higher,Hasan
Female,Late,0-1 Hour,80%-100%,No,Low,3.61,Higher,Hasan
Male,Late,0-1 Hour,60%-79%,No,Low,4.0,Higher,Hasan
Male,Late,0-1 Hour,80%-100%,Yes,Lower middle,4.0,Higher,Hasan
Male,Late,0-1 Hour,80%-100%,Yes,Upper middle,4.0,Higher,Hasan
Male,Middle,0-1 Hour,80%-100%,Yes,Upper middle,4.0,Higher,Hasan
Male,Early,0-1 Hour,80%-100%,Yes,High,4.0,Higher,Hasan
Female,Early,0-1 Hour,80%-100%,No,Lower middle,3.75,Higher,Hasan
Male,Early,0-1 Hour,80%-100%,No,Upper middle,3.75,Higher,Hasan
Female,Early,0-1 Hour,80%-100%,No,High,3.75,Higher,Hasan
Female,Early,0-1 Hour,80%-100%,No,Lower middle,3.75,Higher,Hasan
Male,Early,0-1 Hour,80%-100%,Yes,High,3.75,Higher,Hasan
Female,Early,0-1 Hour,80%-100%,No,Lower middle,3.75,Higher,Hasan
Male,Early,0-1 Hour,80%-100%,No,High,3.75,Higher,Hasan
Female,Early,0-1 Hour,80%-100%,No,Lower middle,3.75,Higher,Hasan
Female,Early,2-3 Hours,80%-100%,No,Upper middle,3.66,Higher,Hasan
Male,Late,2-3 Hours,80%-100%,No,Upper middle,3.89,Higher,Hasan
Female,Late,2-3 Hours,80%-100%,Yes,Upper middle,3.88,Higher,Hasan
Male,Middle,2-3 Hours,80%-100%,Yes,High,3.88,Higher,Hasan
Male,Late,0-1 Hour,80%-100%,Yes,Lower middle,3.75,Higher,Hasan
Male,Early,0-1 Hour,80%-100%,No,Lower middle,3.9,Higher,Hasan
Male,Late,0-1 Hour,80%-100%,No,Upper middle,3.9,Higher,Hasan
Male,Middle,0-1 Hour,80%-100%,Yes,High,3.93,Higher,Hasan
Female,Early,0-1 Hour,80%-100%,Yes,Low,3.92,Higher,Hasan
Female,Early,More than 3 Hours,80%-100%,Yes,Lower middle,3.81,Higher,Hasan
Female,Early,More than 3 Hours,80%-100%,Yes,Lower middle,3.81,Higher,Hasan
Female,Early,More than 3 Hours,80%-100%,Yes,Upper middle,3.81,Higher,Hasan
Male,Early,More than 3 Hours,80%-100%,Yes,Lower middle,3.81,Higher,Hasan
Male,Early,More than 3 Hours,80%-100%,Yes,Lower middle,3.81,Higher,Hasan
Female,Early,More than 3 Hours,80%-100%,Yes,Lower middle,3.81,Higher,Hasan
Female,Early,More than 3 Hours,80%-100%,Yes,High,3.81,Higher,Hasan
Male,Early,More than 3 Hours,80%-100%,Yes,Lower middle,3.81,Higher,Hasan
Male,Early,0-1 Hour,80%-100%,Yes,High,3.84,Higher,Hasan
Male,Middle,2-3 Hours,80%-100%,No,Lower middle,3.67,Higher,Hasan
Female,Early,2-3 Hours,80%-100%,No,Lower middle,3.88,Higher,Hasan
Female,Early,2-3 Hours,80%-100%,Yes,Low,3.88,Higher,Hasan
Male,Early,2-3 Hours,80%-100%,Yes,High,3.88,Higher,Hasan
Female,Early,2-3 Hours,80%-100%,Yes,Lower middle,3.88,Higher,Hasan
Male,Early,2-3 Hours,80%-100%,No,High,3.88,Higher,Hasan
Male,Early,2-3 Hours,80%-100%,Yes,Low,3.88,Higher,Hasan
Male,Early,2-3 Hours,80%-100%,Yes,Lower middle,3.88,Higher,Hasan
Male,Early,2-3 Hours,80%-100%,Yes,Lower middle,3.89,Higher,Hasan
Female,Early,More than 3 Hours,80%-100%,No,Low,3.91,Higher,Hasan
Female,Early,0-1 Hour,80%-100%,Yes,High,3.93,Higher,Hasan
Female,Late,2-3 Hours,80%-100%,Yes,High,3.94,Higher,Hasan
Female,Late,2-3 Hours,80%-100%,Yes,Upper middle,3.97,Higher,Hasan
Male,Late,2-3 Hours,80%-100%,Yes,Lower middle,3.94,Higher,Hasan
Male,Middle,2-3 Hours,80%-100%,No,Lower middle,3.98,Higher,Hasan
Female,Middle,2-3 Hours,80%-100%,Yes,Upper middle,3.94,Higher,Hasan
Male,Early,2-3 Hours,80%-100%,Yes,Upper middle,3.94,Higher,Hasan
Male,Early,2-3 Hours,80%-100%,Yes,High,3.94,Higher,Hasan
Female,Early,2-3 Hours,80%-100%,Yes,High,3.94,Higher,Hasan
Male,Early,2-3 Hours,80%-100%,Yes,Lower middle,3.94,Higher,Hasan
Male,Early,2-3 Hours,80%-100%,Yes,Upper middle,3.94,Higher,Hasan
Male,Early,2-3 Hours,80%-100%,Yes,Upper middle,3.94,Higher,Hasan
Female,Early,2-3 Hours,80%-100%,Yes,High,3.94,Higher,Hasan
Female,Early,2-3 Hours,80%-100%,Yes,Lower middle,3.94,Higher,Hasan
Male,Middle,More than 3 Hours,80%-100%,No,Upper middle,4.0,Higher,Hasan
Male,Early,2-3 Hours,80%-100%,Yes,Lower middle,4.0,Higher,Hasan
Male,Late,0-1 Hour,80%-100%,No,Lower middle,4.0,Higher,Hasan
Male,Early,0-1 Hour,60%-79%,Yes,Upper middle,4.0,Higher,Hasan
Female,Early,2-3 Hours,80%-100%,No,High,4.0,Higher,Hasan
Male,Early,0-1 Hour,80%-100%,No,Low,4.0,Higher,Hasan
Male,Early,0-1 Hour,80%-100%,No,Low,4.0,Higher,Hasan
Male,Early,2-3 Hours,80%-100%,No,Low,4.0,Higher,Hasan
Male,Early,0-1 Hour,80%-100%,Yes,High,4.0,Higher,Hasan
Female,Early,0-1 Hour,80%-100%,Yes,High,4.0,Higher,Hasan
Male,Early,0-1 Hour,80%-100%,Yes,Lower middle,4.0,Higher,Hasan
Male,Early,0-1 Hour,80%-100%,Yes,Lower middle,4.0,Higher,Hasan
Female,Early,0-1 Hour,80%-100%,Yes,Lower middle,4.0,Higher,Hasan
Female,Early,0-1 Hour,80%-100%,Yes,Lower middle,4.0,Higher,Hasan
Female,Early,0-1 Hour,80%-100%,Yes,Upper middle,4.0,Higher,Hasan
